ts,equity,pos,close
2026-02-08 04:25:00+00:00,10000.0,0,2079.55
2026-02-08 04:30:00+00:00,10000.0,0,2077.65
2026-02-08 04:35:00+00:00,10000.0,0,2078.11
2026-02-08 04:40:00+00:00,10000.0,0,2077.49
2026-02-08 04:45:00+00:00,10000.0,0,2077.11
2026-02-08 04:50:00+00:00,10000.0,0,2078.36
2026-02-08 04:55:00+00:00,10000.0,0,2086.45
2026-02-08 05:00:00+00:00,10000.0,0,2081.02
2026-02-08 05:05:00+00:00,10000.0,0,2083.38
2026-02-08 05:10:00+00:00,10000.0,0,2085.89
2026-02-08 05:15:00+00:00,10000.0,0,2084.76
2026-02-08 05:20:00+00:00,10000.0,0,2085.44
2026-02-08 05:25:00+00:00,10000.0,0,2083.92
2026-02-08 05:30:00+00:00,10000.0,0,2078.62
2026-02-08 05:35:00+00:00,10000.0,0,2080.79
2026-02-08 05:40:00+00:00,10000.0,0,2082.79
2026-02-08 05:45:00+00:00,10000.0,0,2083.3
2026-02-08 05:50:00+00:00,10000.0,0,2083.0
2026-02-08 05:55:00+00:00,10000.0,0,2083.55
2026-02-08 06:00:00+00:00,10000.0,0,2079.15
2026-02-08 06:05:00+00:00,10000.0,0,2079.76
2026-02-08 06:10:00+00:00,10000.0,0,2085.71
2026-02-08 06:15:00+00:00,10000.0,0,2087.46
2026-02-08 06:20:00+00:00,10000.0,0,2085.99
2026-02-08 06:25:00+00:00,10000.0,0,2085.97
2026-02-08 06:30:00+00:00,10000.0,0,2081.77
2026-02-08 06:35:00+00:00,10000.0,0,2083.72
2026-02-08 06:40:00+00:00,10000.0,0,2080.42
2026-02-08 06:45:00+00:00,10000.0,0,2077.89
2026-02-08 06:50:00+00:00,10000.0,0,2078.4
2026-02-08 06:55:00+00:00,10000.0,0,2078.34
2026-02-08 07:00:00+00:00,10000.0,0,2077.75
2026-02-08 07:05:00+00:00,10000.0,0,2070.43
2026-02-08 07:10:00+00:00,10000.0,0,2074.77
2026-02-08 07:15:00+00:00,10000.0,0,2074.25
2026-02-08 07:20:00+00:00,10000.0,0,2073.33
2026-02-08 07:25:00+00:00,10000.0,0,2073.38
2026-02-08 07:30:00+00:00,10000.0,0,2078.93
2026-02-08 07:35:00+00:00,10000.0,0,2078.27
2026-02-08 07:40:00+00:00,10000.0,0,2077.4
2026-02-08 07:45:00+00:00,10000.0,0,2078.66
2026-02-08 07:50:00+00:00,10000.0,0,2080.54
2026-02-08 07:55:00+00:00,10000.0,0,2083.48
2026-02-08 08:00:00+00:00,10000.0,0,2086.18
2026-02-08 08:05:00+00:00,10000.0,0,2081.68
2026-02-08 08:10:00+00:00,10000.0,0,2079.9
2026-02-08 08:15:00+00:00,10000.0,0,2078.28
2026-02-08 08:20:00+00:00,10000.0,0,2096.9
2026-02-08 08:25:00+00:00,10000.0,0,2101.46
2026-02-08 08:30:00+00:00,10000.0,0,2118.52
2026-02-08 08:35:00+00:00,10000.0,0,2112.42
2026-02-08 08:40:00+00:00,10000.0,0,2107.77
2026-02-08 08:45:00+00:00,10000.0,0,2114.26
2026-02-08 08:50:00+00:00,10000.0,0,2112.28
2026-02-08 08:55:00+00:00,10000.0,0,2115.24
2026-02-08 09:00:00+00:00,10000.0,0,2111.65
2026-02-08 09:05:00+00:00,10000.0,0,2115.44
2026-02-08 09:10:00+00:00,10000.0,0,2107.64
2026-02-08 09:15:00+00:00,10000.0,0,2107.38
2026-02-08 09:20:00+00:00,10000.0,0,2108.53
2026-02-08 09:25:00+00:00,10000.0,0,2106.22
2026-02-08 09:30:00+00:00,10000.0,0,2103.8
2026-02-08 09:35:00+00:00,10000.0,1,2103.21
2026-02-08 09:40:00+00:00,10000.0,1,2097.42
2026-02-08 09:45:00+00:00,10000.0,1,2098.83
2026-02-08 09:50:00+00:00,10000.0,1,2100.55
2026-02-08 09:55:00+00:00,10000.0,1,2099.56
2026-02-08 10:00:00+00:00,10000.0,1,2104.99
2026-02-08 10:05:00+00:00,10000.0,1,2107.64
2026-02-08 10:10:00+00:00,10000.0,1,2106.0
2026-02-08 10:15:00+00:00,10000.0,1,2103.56
2026-02-08 10:20:00+00:00,10000.0,1,2087.85
2026-02-08 10:25:00+00:00,10000.0,1,2089.68
2026-02-08 10:30:00+00:00,10000.0,1,2089.86
2026-02-08 10:35:00+00:00,10000.0,1,2094.31
2026-02-08 10:40:00+00:00,10000.0,1,2094.29
2026-02-08 10:45:00+00:00,10000.0,1,2097.36
2026-02-08 10:50:00+00:00,10000.0,1,2095.81
2026-02-08 10:55:00+00:00,10000.0,1,2095.0
2026-02-08 11:00:00+00:00,10000.0,1,2102.41
2026-02-08 11:05:00+00:00,10000.0,1,2103.23
2026-02-08 11:10:00+00:00,10000.0,1,2110.0
2026-02-08 11:15:00+00:00,10000.0,1,2110.2
2026-02-08 11:20:00+00:00,10000.0,1,2107.21
2026-02-08 11:25:00+00:00,10000.0,1,2113.25
2026-02-08 11:30:00+00:00,10000.0,1,2126.59
2026-02-08 11:35:00+00:00,10000.0,1,2126.43
2026-02-08 11:40:00+00:00,10000.0,1,2122.9
2026-02-08 11:45:00+00:00,10000.0,1,2126.55
2026-02-08 11:50:00+00:00,10000.0,1,2132.03
2026-02-08 11:55:00+00:00,10000.0,1,2130.98
2026-02-08 12:00:00+00:00,10000.0,1,2129.82
2026-02-08 12:05:00+00:00,10000.0,1,2126.14
2026-02-08 12:10:00+00:00,10000.0,1,2126.01
2026-02-08 12:15:00+00:00,10000.0,1,2128.51
2026-02-08 12:20:00+00:00,10000.0,1,2127.52
2026-02-08 12:25:00+00:00,10000.0,1,2137.73
2026-02-08 12:30:00+00:00,10000.0,1,2133.0
2026-02-08 12:35:00+00:00,10000.0,1,2138.36
2026-02-08 12:40:00+00:00,10000.0,1,2130.36
2026-02-08 12:45:00+00:00,10000.0,1,2135.08
2026-02-08 12:50:00+00:00,10000.0,1,2126.72
2026-02-08 12:55:00+00:00,10000.0,1,2130.01
2026-02-08 13:00:00+00:00,10000.0,1,2128.16
2026-02-08 13:05:00+00:00,10000.0,1,2123.28
2026-02-08 13:10:00+00:00,10000.0,1,2124.2
2026-02-08 13:15:00+00:00,10000.0,1,2132.75
2026-02-08 13:20:00+00:00,10000.0,1,2134.82
2026-02-08 13:25:00+00:00,10000.0,1,2131.8
2026-02-08 13:30:00+00:00,10000.0,1,2128.01
2026-02-08 13:35:00+00:00,10000.0,1,2123.03
2026-02-08 13:40:00+00:00,10000.0,1,2118.74
2026-02-08 13:45:00+00:00,10000.0,1,2121.59
2026-02-08 13:50:00+00:00,10000.0,1,2121.85
2026-02-08 13:55:00+00:00,10000.0,1,2125.37
2026-02-08 14:00:00+00:00,10000.0,1,2123.77
2026-02-08 14:05:00+00:00,10000.0,1,2119.75
2026-02-08 14:10:00+00:00,10000.0,1,2119.33
2026-02-08 14:15:00+00:00,10000.0,1,2117.59
2026-02-08 14:20:00+00:00,10000.0,1,2117.43
2026-02-08 14:25:00+00:00,10000.0,1,2119.42
2026-02-08 14:30:00+00:00,10000.0,1,2123.5
2026-02-08 14:35:00+00:00,10000.0,1,2124.69
2026-02-08 14:40:00+00:00,10000.0,1,2121.33
2026-02-08 14:45:00+00:00,10000.0,1,2121.0
2026-02-08 14:50:00+00:00,10000.0,1,2123.31
2026-02-08 14:55:00+00:00,10000.0,1,2127.73
2026-02-08 15:00:00+00:00,10000.0,1,2125.19
2026-02-08 15:05:00+00:00,10000.0,1,2126.82
2026-02-08 15:10:00+00:00,10000.0,1,2128.8
2026-02-08 15:15:00+00:00,10000.0,1,2121.56
2026-02-08 15:20:00+00:00,10000.0,1,2117.58
2026-02-08 15:25:00+00:00,10000.0,1,2101.54
2026-02-08 15:30:00+00:00,10000.0,1,2106.94
2026-02-08 15:35:00+00:00,10000.0,1,2110.5
2026-02-08 15:40:00+00:00,10000.0,1,2111.24
2026-02-08 15:45:00+00:00,10000.0,1,2104.43
2026-02-08 15:50:00+00:00,10000.0,1,2107.91
2026-02-08 15:55:00+00:00,10000.0,1,2107.31
2026-02-08 16:00:00+00:00,10000.0,1,2113.46
2026-02-08 16:05:00+00:00,10000.0,1,2108.8
2026-02-08 16:10:00+00:00,10000.0,1,2105.76
2026-02-08 16:15:00+00:00,10000.0,1,2111.06
2026-02-08 16:20:00+00:00,10000.0,1,2110.06
2026-02-08 16:25:00+00:00,10000.0,1,2111.85
2026-02-08 16:30:00+00:00,10000.0,1,2110.8
2026-02-08 16:35:00+00:00,10000.0,1,2103.27
2026-02-08 16:40:00+00:00,10000.0,1,2094.92
2026-02-08 16:45:00+00:00,10000.0,1,2081.63
2026-02-08 16:50:00+00:00,10000.0,1,2077.27
2026-02-08 16:55:00+00:00,10000.0,1,2079.82
2026-02-08 17:00:00+00:00,10000.0,1,2088.77
2026-02-08 17:05:00+00:00,10000.0,1,2091.86
2026-02-08 17:10:00+00:00,10000.0,1,2088.48
2026-02-08 17:15:00+00:00,10000.0,1,2092.87
2026-02-08 17:20:00+00:00,10000.0,1,2083.62
2026-02-08 17:25:00+00:00,10000.0,1,2084.9
2026-02-08 17:30:00+00:00,10000.0,1,2089.9
2026-02-08 17:35:00+00:00,10000.0,1,2090.92
2026-02-08 17:40:00+00:00,10000.0,1,2092.82
2026-02-08 17:45:00+00:00,10000.0,1,2090.5
2026-02-08 17:50:00+00:00,10000.0,1,2087.96
2026-02-08 17:55:00+00:00,10000.0,1,2091.09
2026-02-08 18:00:00+00:00,10000.0,1,2095.52
2026-02-08 18:05:00+00:00,10000.0,1,2095.09
2026-02-08 18:10:00+00:00,10000.0,1,2093.62
2026-02-08 18:15:00+00:00,10000.0,1,2094.77
2026-02-08 18:20:00+00:00,10000.0,1,2094.31
2026-02-08 18:25:00+00:00,10000.0,1,2097.1
2026-02-08 18:30:00+00:00,10000.0,1,2114.63
2026-02-08 18:35:00+00:00,10000.0,1,2113.42
2026-02-08 18:40:00+00:00,10000.0,1,2113.93
2026-02-08 18:45:00+00:00,10000.0,1,2111.51
2026-02-08 18:50:00+00:00,10000.0,1,2108.63
2026-02-08 18:55:00+00:00,10000.0,1,2108.0
2026-02-08 19:00:00+00:00,10000.0,1,2108.09
2026-02-08 19:05:00+00:00,10000.0,1,2110.08
2026-02-08 19:10:00+00:00,10000.0,1,2107.99
2026-02-08 19:15:00+00:00,10000.0,1,2111.18
2026-02-08 19:20:00+00:00,10000.0,1,2111.93
2026-02-08 19:25:00+00:00,10000.0,1,2111.68
2026-02-08 19:30:00+00:00,10000.0,1,2111.76
2026-02-08 19:35:00+00:00,10000.0,1,2116.45
2026-02-08 19:40:00+00:00,10000.0,1,2118.46
2026-02-08 19:45:00+00:00,10000.0,1,2118.29
2026-02-08 19:50:00+00:00,10000.0,1,2126.05
2026-02-08 19:55:00+00:00,10000.0,1,2125.76
2026-02-08 20:00:00+00:00,10000.0,1,2115.52
2026-02-08 20:05:00+00:00,10000.0,1,2116.2
2026-02-08 20:10:00+00:00,10000.0,1,2116.31
2026-02-08 20:15:00+00:00,10000.0,1,2120.5
2026-02-08 20:20:00+00:00,10000.0,1,2117.19
2026-02-08 20:25:00+00:00,10000.0,1,2112.99
2026-02-08 20:30:00+00:00,10000.0,1,2115.14
2026-02-08 20:35:00+00:00,10000.0,1,2113.99
2026-02-08 20:40:00+00:00,10000.0,1,2111.14
2026-02-08 20:45:00+00:00,10000.0,1,2104.61
2026-02-08 20:50:00+00:00,10000.0,1,2101.22
2026-02-08 20:55:00+00:00,10000.0,1,2103.49
2026-02-08 21:00:00+00:00,10000.0,1,2105.49
2026-02-08 21:05:00+00:00,10000.0,1,2106.28
2026-02-08 21:10:00+00:00,10000.0,1,2109.51
2026-02-08 21:15:00+00:00,10000.0,1,2111.5
2026-02-08 21:20:00+00:00,10000.0,1,2112.35
2026-02-08 21:25:00+00:00,10000.0,1,2107.47
2026-02-08 21:30:00+00:00,10000.0,1,2102.14
2026-02-08 21:35:00+00:00,10000.0,1,2093.52
2026-02-08 21:40:00+00:00,10000.0,1,2094.34
2026-02-08 21:45:00+00:00,10000.0,1,2096.58
2026-02-08 21:50:00+00:00,10000.0,1,2092.26
2026-02-08 21:55:00+00:00,10000.0,1,2092.58
2026-02-08 22:00:00+00:00,10000.0,1,2097.23
2026-02-08 22:05:00+00:00,10000.0,1,2096.63
2026-02-08 22:10:00+00:00,10000.0,1,2100.5
2026-02-08 22:15:00+00:00,10000.0,1,2103.01
2026-02-08 22:20:00+00:00,10000.0,1,2104.02
2026-02-08 22:25:00+00:00,10000.0,1,2099.47
2026-02-08 22:30:00+00:00,10000.0,1,2097.69
2026-02-08 22:35:00+00:00,10000.0,1,2095.58
2026-02-08 22:40:00+00:00,10000.0,1,2098.23
2026-02-08 22:45:00+00:00,10000.0,1,2101.75
2026-02-08 22:50:00+00:00,10000.0,1,2100.26
2026-02-08 22:55:00+00:00,10000.0,1,2107.43
2026-02-08 23:00:00+00:00,10000.0,1,2121.96
2026-02-08 23:05:00+00:00,10000.0,1,2134.47
2026-02-08 23:10:00+00:00,10000.0,1,2117.94
2026-02-08 23:15:00+00:00,10000.0,1,2111.94
2026-02-08 23:20:00+00:00,10000.0,1,2081.03
2026-02-08 23:25:00+00:00,10000.0,1,2090.92
2026-02-08 23:30:00+00:00,10000.0,1,2083.99
2026-02-08 23:35:00+00:00,10000.0,1,2080.81
2026-02-08 23:40:00+00:00,10000.0,1,2091.54
2026-02-08 23:45:00+00:00,10000.0,1,2097.17
2026-02-08 23:50:00+00:00,10000.0,1,2095.25
2026-02-08 23:55:00+00:00,10000.0,1,2088.6
2026-02-09 00:00:00+00:00,10000.0,1,2091.51
2026-02-09 00:05:00+00:00,10000.0,1,2090.92
2026-02-09 00:10:00+00:00,10000.0,1,2092.76
2026-02-09 00:15:00+00:00,10000.0,1,2089.39
2026-02-09 00:20:00+00:00,10000.0,1,2093.49
2026-02-09 00:25:00+00:00,10000.0,1,2081.4
2026-02-09 00:30:00+00:00,10000.0,1,2086.03
2026-02-09 00:35:00+00:00,10000.0,1,2083.69
2026-02-09 00:40:00+00:00,10000.0,1,2080.67
2026-02-09 00:45:00+00:00,10000.0,1,2084.21
2026-02-09 00:50:00+00:00,10000.0,1,2080.44
2026-02-09 00:55:00+00:00,10000.0,1,2083.16
2026-02-09 01:00:00+00:00,10000.0,1,2084.41
2026-02-09 01:05:00+00:00,10000.0,1,2081.12
2026-02-09 01:10:00+00:00,10000.0,1,2080.68
2026-02-09 01:15:00+00:00,10000.0,1,2088.05
2026-02-09 01:20:00+00:00,10000.0,1,2098.2
2026-02-09 01:25:00+00:00,10000.0,1,2090.79
2026-02-09 01:30:00+00:00,10000.0,1,2086.37
2026-02-09 01:35:00+00:00,10000.0,1,2075.99
2026-02-09 01:40:00+00:00,10000.0,1,2063.61
2026-02-09 01:45:00+00:00,10000.0,1,2054.33
2026-02-09 01:50:00+00:00,10000.0,1,2069.56
2026-02-09 01:55:00+00:00,10000.0,1,2069.84
2026-02-09 02:00:00+00:00,10000.0,1,2070.09
2026-02-09 02:05:00+00:00,10000.0,1,2071.24
2026-02-09 02:10:00+00:00,10000.0,1,2068.84
2026-02-09 02:15:00+00:00,10000.0,1,2070.7
2026-02-09 02:20:00+00:00,10000.0,1,2072.03
2026-02-09 02:25:00+00:00,10000.0,1,2071.59
2026-02-09 02:30:00+00:00,10000.0,1,2072.56
2026-02-09 02:35:00+00:00,10000.0,1,2079.96
2026-02-09 02:40:00+00:00,10000.0,1,2089.53
2026-02-09 02:45:00+00:00,10000.0,1,2087.79
2026-02-09 02:50:00+00:00,10000.0,1,2082.06
2026-02-09 02:55:00+00:00,10000.0,1,2080.44
2026-02-09 03:00:00+00:00,10000.0,1,2083.73
2026-02-09 03:05:00+00:00,10000.0,1,2083.35
2026-02-09 03:10:00+00:00,10000.0,1,2082.75
2026-02-09 03:15:00+00:00,10000.0,1,2085.45
2026-02-09 03:20:00+00:00,10000.0,1,2082.0
2026-02-09 03:25:00+00:00,10000.0,1,2085.99
2026-02-09 03:30:00+00:00,10000.0,1,2092.93
2026-02-09 03:35:00+00:00,10000.0,1,2093.13
2026-02-09 03:40:00+00:00,10000.0,1,2092.69
2026-02-09 03:45:00+00:00,10000.0,1,2093.94
2026-02-09 03:50:00+00:00,10000.0,1,2098.66
2026-02-09 03:55:00+00:00,10000.0,1,2099.01
2026-02-09 04:00:00+00:00,10000.0,1,2095.12
2026-02-09 04:05:00+00:00,10000.0,1,2093.17
2026-02-09 04:10:00+00:00,10000.0,1,2089.76
2026-02-09 04:15:00+00:00,10000.0,1,2095.23
2026-02-09 04:20:00+00:00,10000.0,1,2095.33
2026-02-09 04:25:00+00:00,10000.0,1,2095.62
2026-02-09 04:30:00+00:00,10000.0,1,2091.17
2026-02-09 04:35:00+00:00,10000.0,1,2086.47
2026-02-09 04:40:00+00:00,10000.0,1,2089.19
2026-02-09 04:45:00+00:00,10000.0,1,2090.53
2026-02-09 04:50:00+00:00,10000.0,1,2087.28
2026-02-09 04:55:00+00:00,10000.0,1,2089.36
2026-02-09 05:00:00+00:00,10000.0,1,2084.8
2026-02-09 05:05:00+00:00,10000.0,1,2083.13
2026-02-09 05:10:00+00:00,10000.0,1,2082.99
2026-02-09 05:15:00+00:00,10000.0,1,2082.95
2026-02-09 05:20:00+00:00,10000.0,1,2088.95
2026-02-09 05:25:00+00:00,10000.0,1,2091.4
2026-02-09 05:30:00+00:00,10000.0,1,2092.44
2026-02-09 05:35:00+00:00,10000.0,1,2092.76
2026-02-09 05:40:00+00:00,10000.0,1,2091.6
2026-02-09 05:45:00+00:00,10000.0,1,2090.24
2026-02-09 05:50:00+00:00,10000.0,1,2093.87
2026-02-09 05:55:00+00:00,10000.0,1,2094.54
2026-02-09 06:00:00+00:00,10000.0,1,2086.08
2026-02-09 06:05:00+00:00,10000.0,1,2088.12
2026-02-09 06:10:00+00:00,10000.0,1,2089.28
2026-02-09 06:15:00+00:00,10000.0,1,2075.79
2026-02-09 06:20:00+00:00,10000.0,1,2072.89
2026-02-09 06:25:00+00:00,10000.0,1,2073.3
2026-02-09 06:30:00+00:00,10000.0,1,2075.51
2026-02-09 06:35:00+00:00,10000.0,1,2078.01
2026-02-09 06:40:00+00:00,10000.0,1,2078.11
2026-02-09 06:45:00+00:00,10000.0,1,2077.8
2026-02-09 06:50:00+00:00,10000.0,1,2080.0
2026-02-09 06:55:00+00:00,10000.0,1,2080.37
2026-02-09 07:00:00+00:00,10000.0,1,2076.31
2026-02-09 07:05:00+00:00,10000.0,1,2079.53
2026-02-09 07:10:00+00:00,10000.0,1,2084.33
2026-02-09 07:15:00+00:00,10000.0,1,2085.6
2026-02-09 07:20:00+00:00,10000.0,1,2081.91
2026-02-09 07:25:00+00:00,10000.0,1,2080.2
2026-02-09 07:30:00+00:00,10000.0,1,2074.27
2026-02-09 07:35:00+00:00,10000.0,1,2067.23
2026-02-09 07:40:00+00:00,10000.0,1,2066.09
2026-02-09 07:45:00+00:00,10000.0,1,2068.74
2026-02-09 07:50:00+00:00,10000.0,1,2069.49
2026-02-09 07:55:00+00:00,10000.0,1,2064.42
2026-02-09 08:00:00+00:00,10000.0,1,2066.92
2026-02-09 08:05:00+00:00,10000.0,1,2066.42
2026-02-09 08:10:00+00:00,10000.0,1,2065.94
2026-02-09 08:15:00+00:00,10000.0,1,2060.54
2026-02-09 08:20:00+00:00,10000.0,1,2057.77
2026-02-09 08:25:00+00:00,10000.0,1,2051.63
2026-02-09 08:30:00+00:00,10000.0,1,2040.71
2026-02-09 08:35:00+00:00,10000.0,1,2049.4
2026-02-09 08:40:00+00:00,10000.0,1,2049.01
2026-02-09 08:45:00+00:00,10000.0,1,2049.64
2026-02-09 08:50:00+00:00,10000.0,1,2051.2
2026-02-09 08:55:00+00:00,10000.0,1,2048.84
2026-02-09 09:00:00+00:00,10000.0,1,2050.21
2026-02-09 09:05:00+00:00,10000.0,1,2053.64
2026-02-09 09:10:00+00:00,10000.0,1,2048.0
2026-02-09 09:15:00+00:00,10000.0,1,2045.76
2026-02-09 09:20:00+00:00,10000.0,1,2044.32
2026-02-09 09:25:00+00:00,10000.0,1,2046.33
2026-02-09 09:30:00+00:00,10000.0,1,2044.68
2026-02-09 09:35:00+00:00,9470.557985463614,0,2037.73
2026-02-09 09:40:00+00:00,9470.557985463614,0,2039.78
2026-02-09 09:45:00+00:00,9470.557985463614,0,2040.6
2026-02-09 09:50:00+00:00,9470.557985463614,0,2036.34
2026-02-09 09:55:00+00:00,9470.557985463614,0,2041.34
2026-02-09 10:00:00+00:00,9470.557985463614,0,2036.09
2026-02-09 10:05:00+00:00,9470.557985463614,0,2044.06
2026-02-09 10:10:00+00:00,9470.557985463614,-1,2038.31
2026-02-09 10:15:00+00:00,9470.557985463614,-1,2032.78
2026-02-09 10:20:00+00:00,9470.557985463614,-1,2028.3
2026-02-09 10:25:00+00:00,9470.557985463614,-1,2026.98
2026-02-09 10:30:00+00:00,9470.557985463614,-1,2019.3
2026-02-09 10:35:00+00:00,9470.557985463614,-1,2019.37
2026-02-09 10:40:00+00:00,9470.557985463614,-1,2019.66
2026-02-09 10:45:00+00:00,9470.557985463614,-1,2014.91
2026-02-09 10:50:00+00:00,9470.557985463614,-1,2021.97
2026-02-09 10:55:00+00:00,9470.557985463614,-1,2021.73
2026-02-09 11:00:00+00:00,9470.557985463614,-1,2033.67
2026-02-09 11:05:00+00:00,9470.557985463614,-1,2030.08
2026-02-09 11:10:00+00:00,9470.557985463614,-1,2022.14
2026-02-09 11:15:00+00:00,9470.557985463614,-1,2023.78
2026-02-09 11:20:00+00:00,9470.557985463614,-1,2026.71
2026-02-09 11:25:00+00:00,9470.557985463614,-1,2026.84
2026-02-09 11:30:00+00:00,9470.557985463614,-1,2024.44
2026-02-09 11:35:00+00:00,9470.557985463614,-1,2026.4
2026-02-09 11:40:00+00:00,9470.557985463614,-1,2026.6
2026-02-09 11:45:00+00:00,9470.557985463614,-1,2024.44
2026-02-09 11:50:00+00:00,9470.557985463614,-1,2025.25
2026-02-09 11:55:00+00:00,9470.557985463614,-1,2027.43
2026-02-09 12:00:00+00:00,9470.557985463614,-1,2031.56
2026-02-09 12:05:00+00:00,9470.557985463614,-1,2034.56
2026-02-09 12:10:00+00:00,9470.557985463614,-1,2035.74
2026-02-09 12:15:00+00:00,9470.557985463614,-1,2034.2
2026-02-09 12:20:00+00:00,9470.557985463614,-1,2034.13
2026-02-09 12:25:00+00:00,9470.557985463614,-1,2031.99
2026-02-09 12:30:00+00:00,9470.557985463614,-1,2032.19
2026-02-09 12:35:00+00:00,9470.557985463614,-1,2034.28
2026-02-09 12:40:00+00:00,9470.557985463614,-1,2035.8
2026-02-09 12:45:00+00:00,9470.557985463614,-1,2034.98
2026-02-09 12:50:00+00:00,9470.557985463614,-1,2032.95
2026-02-09 12:55:00+00:00,9470.557985463614,-1,2034.59
2026-02-09 13:00:00+00:00,9470.557985463614,-1,2031.23
2026-02-09 13:05:00+00:00,9470.557985463614,-1,2036.47
2026-02-09 13:10:00+00:00,9470.557985463614,-1,2045.18
2026-02-09 13:15:00+00:00,9470.557985463614,-1,2041.93
2026-02-09 13:20:00+00:00,9470.557985463614,-1,2049.2
2026-02-09 13:25:00+00:00,9470.557985463614,-1,2046.78
2026-02-09 13:30:00+00:00,9470.557985463614,-1,2036.85
2026-02-09 13:35:00+00:00,9470.557985463614,-1,2041.51
2026-02-09 13:40:00+00:00,9470.557985463614,-1,2038.99
2026-02-09 13:45:00+00:00,9470.557985463614,-1,2033.39
2026-02-09 13:50:00+00:00,9470.557985463614,-1,2028.2
2026-02-09 13:55:00+00:00,9470.557985463614,-1,2021.69
2026-02-09 14:00:00+00:00,9470.557985463614,-1,2023.71
2026-02-09 14:05:00+00:00,9470.557985463614,-1,2016.15
2026-02-09 14:10:00+00:00,9470.557985463614,-1,2013.69
2026-02-09 14:15:00+00:00,9470.557985463614,-1,2015.38
2026-02-09 14:20:00+00:00,9470.557985463614,-1,2019.97
2026-02-09 14:25:00+00:00,9470.557985463614,-1,2024.59
2026-02-09 14:30:00+00:00,9470.557985463614,-1,2018.69
2026-02-09 14:35:00+00:00,9470.557985463614,-1,2038.4
2026-02-09 14:40:00+00:00,9470.557985463614,-1,2034.53
2026-02-09 14:45:00+00:00,9470.557985463614,-1,2043.11
2026-02-09 14:50:00+00:00,9470.557985463614,-1,2046.32
2026-02-09 14:55:00+00:00,9470.557985463614,-1,2042.39
2026-02-09 15:00:00+00:00,9470.557985463614,-1,2062.74
2026-02-09 15:05:00+00:00,9470.557985463614,-1,2063.63
2026-02-09 15:10:00+00:00,9470.557985463614,-1,2055.31
2026-02-09 15:15:00+00:00,9470.557985463614,-1,2050.47
2026-02-09 15:20:00+00:00,9470.557985463614,-1,2034.68
2026-02-09 15:25:00+00:00,9470.557985463614,-1,2035.92
2026-02-09 15:30:00+00:00,9470.557985463614,-1,2042.02
2026-02-09 15:35:00+00:00,9470.557985463614,-1,2057.23
2026-02-09 15:40:00+00:00,9470.557985463614,-1,2060.6
2026-02-09 15:45:00+00:00,9470.557985463614,-1,2057.62
2026-02-09 15:50:00+00:00,9470.557985463614,-1,2061.94
2026-02-09 15:55:00+00:00,9470.557985463614,-1,2060.27
2026-02-09 16:00:00+00:00,9470.557985463614,-1,2056.72
2026-02-09 16:05:00+00:00,9470.557985463614,-1,2049.31
2026-02-09 16:10:00+00:00,9470.557985463614,-1,2049.89
2026-02-09 16:15:00+00:00,9470.557985463614,-1,2050.91
2026-02-09 16:20:00+00:00,9470.557985463614,-1,2056.7
2026-02-09 16:25:00+00:00,9470.557985463614,-1,2059.57
2026-02-09 16:30:00+00:00,9470.557985463614,-1,2053.26
2026-02-09 16:35:00+00:00,9470.557985463614,-1,2053.66
2026-02-09 16:40:00+00:00,9470.557985463614,-1,2080.15
2026-02-09 16:45:00+00:00,9470.557985463614,-1,2094.67
2026-02-09 16:50:00+00:00,9470.557985463614,-1,2091.99
2026-02-09 16:55:00+00:00,9470.557985463614,-1,2090.26
2026-02-09 17:00:00+00:00,9470.557985463614,-1,2094.3
2026-02-09 17:05:00+00:00,9470.557985463614,-1,2082.58
2026-02-09 17:10:00+00:00,9470.557985463614,-1,2082.67
2026-02-09 17:15:00+00:00,9470.557985463614,-1,2087.36
2026-02-09 17:20:00+00:00,9470.557985463614,-1,2081.64
2026-02-09 17:25:00+00:00,9470.557985463614,-1,2084.71
2026-02-09 17:30:00+00:00,9470.557985463614,-1,2099.85
2026-02-09 17:35:00+00:00,9470.557985463614,-1,2126.68
2026-02-09 17:40:00+00:00,8495.129339075884,0,2130.91
2026-02-09 17:45:00+00:00,8495.129339075884,0,2126.11
2026-02-09 17:50:00+00:00,8495.129339075884,0,2124.32
2026-02-09 17:55:00+00:00,8495.129339075884,0,2126.62
2026-02-09 18:00:00+00:00,8495.129339075884,0,2134.89
2026-02-09 18:05:00+00:00,8495.129339075884,0,2133.32
2026-02-09 18:10:00+00:00,8495.129339075884,0,2124.94
2026-02-09 18:15:00+00:00,8495.129339075884,0,2123.94
2026-02-09 18:20:00+00:00,8495.129339075884,0,2115.84
2026-02-09 18:25:00+00:00,8495.129339075884,0,2115.29
2026-02-09 18:30:00+00:00,8495.129339075884,0,2129.3
2026-02-09 18:35:00+00:00,8495.129339075884,0,2125.83
2026-02-09 18:40:00+00:00,8495.129339075884,0,2128.55
2026-02-09 18:45:00+00:00,8495.129339075884,0,2128.81
2026-02-09 18:50:00+00:00,8495.129339075884,0,2123.4
2026-02-09 18:55:00+00:00,8495.129339075884,0,2130.12
2026-02-09 19:00:00+00:00,8495.129339075884,0,2128.36
2026-02-09 19:05:00+00:00,8495.129339075884,0,2125.09
2026-02-09 19:10:00+00:00,8495.129339075884,0,2124.85
2026-02-09 19:15:00+00:00,8495.129339075884,0,2124.11
2026-02-09 19:20:00+00:00,8495.129339075884,0,2125.14
2026-02-09 19:25:00+00:00,8495.129339075884,0,2126.42
2026-02-09 19:30:00+00:00,8495.129339075884,0,2131.49
2026-02-09 19:35:00+00:00,8495.129339075884,0,2131.52
2026-02-09 19:40:00+00:00,8495.129339075884,0,2129.55
2026-02-09 19:45:00+00:00,8495.129339075884,0,2132.81
2026-02-09 19:50:00+00:00,8495.129339075884,0,2130.91
2026-02-09 19:55:00+00:00,8495.129339075884,0,2130.56
2026-02-09 20:00:00+00:00,8495.129339075884,0,2130.81
2026-02-09 20:05:00+00:00,8495.129339075884,0,2135.51
2026-02-09 20:10:00+00:00,8495.129339075884,0,2139.51
2026-02-09 20:15:00+00:00,8495.129339075884,0,2122.41
2026-02-09 20:20:00+00:00,8495.129339075884,1,2125.44
2026-02-09 20:25:00+00:00,8495.129339075884,1,2118.8
2026-02-09 20:30:00+00:00,8495.129339075884,1,2122.16
2026-02-09 20:35:00+00:00,8495.129339075884,1,2127.24
2026-02-09 20:40:00+00:00,8495.129339075884,1,2128.48
2026-02-09 20:45:00+00:00,8495.129339075884,1,2128.61
2026-02-09 20:50:00+00:00,8495.129339075884,1,2126.57
2026-02-09 20:55:00+00:00,8495.129339075884,1,2123.68
2026-02-09 21:00:00+00:00,8495.129339075884,1,2119.58
2026-02-09 21:05:00+00:00,8495.129339075884,1,2117.11
2026-02-09 21:10:00+00:00,8495.129339075884,1,2116.35
2026-02-09 21:15:00+00:00,8495.129339075884,1,2112.52
2026-02-09 21:20:00+00:00,8495.129339075884,1,2115.47
2026-02-09 21:25:00+00:00,8495.129339075884,1,2112.01
2026-02-09 21:30:00+00:00,8495.129339075884,1,2091.7
2026-02-09 21:35:00+00:00,8495.129339075884,1,2095.05
2026-02-09 21:40:00+00:00,8495.129339075884,1,2098.01
2026-02-09 21:45:00+00:00,8495.129339075884,1,2097.55
2026-02-09 21:50:00+00:00,8495.129339075884,1,2127.51
2026-02-09 21:55:00+00:00,8495.129339075884,1,2121.22
2026-02-09 22:00:00+00:00,8495.129339075884,1,2118.4
2026-02-09 22:05:00+00:00,8495.129339075884,1,2121.28
2026-02-09 22:10:00+00:00,8495.129339075884,1,2123.11
2026-02-09 22:15:00+00:00,8495.129339075884,1,2117.81
2026-02-09 22:20:00+00:00,8495.129339075884,1,2114.93
2026-02-09 22:25:00+00:00,8495.129339075884,1,2117.07
2026-02-09 22:30:00+00:00,8495.129339075884,1,2117.44
2026-02-09 22:35:00+00:00,8495.129339075884,1,2117.36
2026-02-09 22:40:00+00:00,8495.129339075884,1,2115.8
2026-02-09 22:45:00+00:00,8495.129339075884,1,2114.47
2026-02-09 22:50:00+00:00,8495.129339075884,1,2110.38
2026-02-09 22:55:00+00:00,8495.129339075884,1,2114.07
2026-02-09 23:00:00+00:00,8495.129339075884,1,2117.67
2026-02-09 23:05:00+00:00,8495.129339075884,1,2119.03
2026-02-09 23:10:00+00:00,8495.129339075884,1,2112.6
2026-02-09 23:15:00+00:00,8495.129339075884,1,2112.56
2026-02-09 23:20:00+00:00,8495.129339075884,1,2108.88
2026-02-09 23:25:00+00:00,8495.129339075884,1,2107.77
2026-02-09 23:30:00+00:00,8495.129339075884,1,2107.8
2026-02-09 23:35:00+00:00,8495.129339075884,1,2108.82
2026-02-09 23:40:00+00:00,8495.129339075884,1,2110.08
2026-02-09 23:45:00+00:00,8495.129339075884,1,2102.44
2026-02-09 23:50:00+00:00,8495.129339075884,1,2104.97
2026-02-09 23:55:00+00:00,8495.129339075884,1,2103.96
2026-02-10 00:00:00+00:00,8495.129339075884,1,2103.37
2026-02-10 00:05:00+00:00,8495.129339075884,1,2102.2
2026-02-10 00:10:00+00:00,8495.129339075884,1,2109.01
2026-02-10 00:15:00+00:00,8495.129339075884,1,2106.87
2026-02-10 00:20:00+00:00,8495.129339075884,1,2100.7
2026-02-10 00:25:00+00:00,8495.129339075884,1,2103.12
2026-02-10 00:30:00+00:00,8495.129339075884,1,2106.58
2026-02-10 00:35:00+00:00,8495.129339075884,1,2103.96
2026-02-10 00:40:00+00:00,8495.129339075884,1,2097.52
2026-02-10 00:45:00+00:00,8495.129339075884,1,2095.9
2026-02-10 00:50:00+00:00,8495.129339075884,1,2099.14
2026-02-10 00:55:00+00:00,8495.129339075884,1,2095.72
2026-02-10 01:00:00+00:00,8495.129339075884,1,2101.77
2026-02-10 01:05:00+00:00,8495.129339075884,1,2108.77
2026-02-10 01:10:00+00:00,8495.129339075884,1,2110.04
2026-02-10 01:15:00+00:00,8495.129339075884,1,2111.47
2026-02-10 01:20:00+00:00,8495.129339075884,1,2112.61
2026-02-10 01:25:00+00:00,8495.129339075884,1,2115.78
2026-02-10 01:30:00+00:00,8495.129339075884,1,2115.88
2026-02-10 01:35:00+00:00,8495.129339075884,1,2117.59
2026-02-10 01:40:00+00:00,8495.129339075884,1,2119.89
2026-02-10 01:45:00+00:00,8495.129339075884,1,2119.48
2026-02-10 01:50:00+00:00,8495.129339075884,1,2116.77
2026-02-10 01:55:00+00:00,8495.129339075884,1,2116.3
2026-02-10 02:00:00+00:00,8495.129339075884,1,2113.15
2026-02-10 02:05:00+00:00,8495.129339075884,1,2114.76
2026-02-10 02:10:00+00:00,8495.129339075884,1,2114.78
2026-02-10 02:15:00+00:00,8495.129339075884,1,2114.45
2026-02-10 02:20:00+00:00,8495.129339075884,1,2113.44
2026-02-10 02:25:00+00:00,8495.129339075884,1,2109.28
2026-02-10 02:30:00+00:00,8495.129339075884,1,2108.01
2026-02-10 02:35:00+00:00,8495.129339075884,1,2104.79
2026-02-10 02:40:00+00:00,8495.129339075884,1,2103.84
2026-02-10 02:45:00+00:00,8495.129339075884,1,2107.7
2026-02-10 02:50:00+00:00,8495.129339075884,1,2106.67
2026-02-10 02:55:00+00:00,8495.129339075884,1,2107.08
2026-02-10 03:00:00+00:00,8495.129339075884,1,2104.25
2026-02-10 03:05:00+00:00,8495.129339075884,1,2098.23
2026-02-10 03:10:00+00:00,8495.129339075884,1,2098.26
2026-02-10 03:15:00+00:00,8495.129339075884,1,2077.93
2026-02-10 03:20:00+00:00,8495.129339075884,1,2084.94
2026-02-10 03:25:00+00:00,8495.129339075884,1,2070.24
2026-02-10 03:30:00+00:00,8495.129339075884,1,2063.31
2026-02-10 03:35:00+00:00,8495.129339075884,1,2060.91
2026-02-10 03:40:00+00:00,8495.129339075884,1,2060.41
2026-02-10 03:45:00+00:00,8495.129339075884,1,2061.37
2026-02-10 03:50:00+00:00,8495.129339075884,1,2063.01
2026-02-10 03:55:00+00:00,8495.129339075884,1,2063.7
2026-02-10 04:00:00+00:00,8495.129339075884,1,2067.52
2026-02-10 04:05:00+00:00,8495.129339075884,1,2070.7
2026-02-10 04:10:00+00:00,8495.129339075884,1,2071.89
2026-02-10 04:15:00+00:00,8495.129339075884,1,2067.9
2026-02-10 04:20:00+00:00,8495.129339075884,1,2067.91
2026-02-10 04:25:00+00:00,8495.129339075884,1,2069.11
2026-02-10 04:30:00+00:00,8495.129339075884,1,2067.16
2026-02-10 04:35:00+00:00,8495.129339075884,1,2066.49
2026-02-10 04:40:00+00:00,8495.129339075884,1,2064.08
2026-02-10 04:45:00+00:00,8495.129339075884,1,2067.39
2026-02-10 04:50:00+00:00,8495.129339075884,1,2069.77
2026-02-10 04:55:00+00:00,8495.129339075884,1,2069.54
2026-02-10 05:00:00+00:00,8495.129339075884,1,2069.93
2026-02-10 05:05:00+00:00,8495.129339075884,1,2067.81
2026-02-10 05:10:00+00:00,8495.129339075884,1,2068.8
2026-02-10 05:15:00+00:00,8495.129339075884,1,2066.24
2026-02-10 05:20:00+00:00,8495.129339075884,1,2065.0
2026-02-10 05:25:00+00:00,8495.129339075884,1,2062.06
2026-02-10 05:30:00+00:00,8495.129339075884,1,2063.73
2026-02-10 05:35:00+00:00,8495.129339075884,1,2063.55
2026-02-10 05:40:00+00:00,8495.129339075884,1,2055.04
2026-02-10 05:45:00+00:00,8495.129339075884,1,2053.27
2026-02-10 05:50:00+00:00,8495.129339075884,1,2050.76
2026-02-10 05:55:00+00:00,8495.129339075884,1,2051.7
2026-02-10 06:00:00+00:00,8495.129339075884,1,2053.72
2026-02-10 06:05:00+00:00,8495.129339075884,1,2050.0
2026-02-10 06:10:00+00:00,8495.129339075884,1,2050.37
2026-02-10 06:15:00+00:00,8495.129339075884,1,2051.14
2026-02-10 06:20:00+00:00,8495.129339075884,1,2041.48
2026-02-10 06:25:00+00:00,8495.129339075884,1,2039.93
2026-02-10 06:30:00+00:00,8495.129339075884,1,2040.5
2026-02-10 06:35:00+00:00,8495.129339075884,1,2039.05
2026-02-10 06:40:00+00:00,8495.129339075884,1,2027.99
2026-02-10 06:45:00+00:00,8495.129339075884,1,2009.99
2026-02-10 06:50:00+00:00,7626.329878239226,0,1998.35
2026-02-10 06:55:00+00:00,7626.329878239226,0,2007.65
2026-02-10 07:00:00+00:00,7626.329878239226,0,2013.71
2026-02-10 07:05:00+00:00,7626.329878239226,0,2009.42
2026-02-10 07:10:00+00:00,7626.329878239226,0,2010.18
2026-02-10 07:15:00+00:00,7626.329878239226,0,2007.97
2026-02-10 07:20:00+00:00,7626.329878239226,0,2011.29
2026-02-10 07:25:00+00:00,7626.329878239226,0,2012.22
2026-02-10 07:30:00+00:00,7626.329878239226,0,2008.97
2026-02-10 07:35:00+00:00,7626.329878239226,0,2008.7
2026-02-10 07:40:00+00:00,7626.329878239226,0,2009.78
2026-02-10 07:45:00+00:00,7626.329878239226,0,2009.94
2026-02-10 07:50:00+00:00,7626.329878239226,0,2006.12
2026-02-10 07:55:00+00:00,7626.329878239226,0,2006.05
2026-02-10 08:00:00+00:00,7626.329878239226,0,2003.43
2026-02-10 08:05:00+00:00,7626.329878239226,0,2006.35
2026-02-10 08:10:00+00:00,7626.329878239226,0,2003.15
2026-02-10 08:15:00+00:00,7626.329878239226,0,2003.17
2026-02-10 08:20:00+00:00,7626.329878239226,0,2012.19
2026-02-10 08:25:00+00:00,7626.329878239226,-1,2009.59
2026-02-10 08:30:00+00:00,7626.329878239226,-1,2010.02
2026-02-10 08:35:00+00:00,7626.329878239226,-1,2001.92
2026-02-10 08:40:00+00:00,7626.329878239226,-1,2007.71
2026-02-10 08:45:00+00:00,7626.329878239226,-1,2011.3
2026-02-10 08:50:00+00:00,7626.329878239226,-1,2014.59
2026-02-10 08:55:00+00:00,7626.329878239226,-1,2013.42
2026-02-10 09:00:00+00:00,7626.329878239226,-1,2028.35
2026-02-10 09:05:00+00:00,7626.329878239226,-1,2023.81
2026-02-10 09:10:00+00:00,7626.329878239226,-1,2020.22
2026-02-10 09:15:00+00:00,7626.329878239226,-1,2025.45
2026-02-10 09:20:00+00:00,7626.329878239226,-1,2025.99
2026-02-10 09:25:00+00:00,7626.329878239226,-1,2021.36
2026-02-10 09:30:00+00:00,7626.329878239226,-1,2017.8
2026-02-10 09:35:00+00:00,7626.329878239226,-1,2018.62
2026-02-10 09:40:00+00:00,7626.329878239226,-1,2021.44
2026-02-10 09:45:00+00:00,7626.329878239226,-1,2014.39
2026-02-10 09:50:00+00:00,7626.329878239226,-1,2015.3
2026-02-10 09:55:00+00:00,7626.329878239226,-1,2015.75
2026-02-10 10:00:00+00:00,7626.329878239226,-1,2012.82
2026-02-10 10:05:00+00:00,7626.329878239226,-1,2015.44
2026-02-10 10:10:00+00:00,7626.329878239226,-1,2014.66
2026-02-10 10:15:00+00:00,7626.329878239226,-1,2011.36
2026-02-10 10:20:00+00:00,7626.329878239226,-1,2016.87
2026-02-10 10:25:00+00:00,7626.329878239226,-1,2016.78
2026-02-10 10:30:00+00:00,7626.329878239226,-1,2013.85
2026-02-10 10:35:00+00:00,7626.329878239226,-1,2012.26
2026-02-10 10:40:00+00:00,7626.329878239226,-1,2013.71
2026-02-10 10:45:00+00:00,7626.329878239226,-1,2014.19
2026-02-10 10:50:00+00:00,7626.329878239226,-1,2015.07
2026-02-10 10:55:00+00:00,7626.329878239226,-1,2012.72
2026-02-10 11:00:00+00:00,7626.329878239226,-1,2013.74
2026-02-10 11:05:00+00:00,7626.329878239226,-1,2010.36
2026-02-10 11:10:00+00:00,7626.329878239226,-1,2011.43
2026-02-10 11:15:00+00:00,7626.329878239226,-1,2012.52
2026-02-10 11:20:00+00:00,7626.329878239226,-1,2013.87
2026-02-10 11:25:00+00:00,7626.329878239226,-1,2016.18
2026-02-10 11:30:00+00:00,7626.329878239226,-1,2019.72
2026-02-10 11:35:00+00:00,7626.329878239226,-1,2015.19
2026-02-10 11:40:00+00:00,7626.329878239226,-1,2007.91
2026-02-10 11:45:00+00:00,7626.329878239226,-1,2009.16
2026-02-10 11:50:00+00:00,7626.329878239226,-1,2001.15
2026-02-10 11:55:00+00:00,7626.329878239226,-1,2001.87
2026-02-10 12:00:00+00:00,7626.329878239226,-1,2009.21
2026-02-10 12:05:00+00:00,7626.329878239226,-1,2010.78
2026-02-10 12:10:00+00:00,7626.329878239226,-1,2009.95
2026-02-10 12:15:00+00:00,7626.329878239226,-1,2010.97
2026-02-10 12:20:00+00:00,7626.329878239226,-1,2014.81
2026-02-10 12:25:00+00:00,7626.329878239226,-1,2013.11
2026-02-10 12:30:00+00:00,7626.329878239226,-1,2008.8
2026-02-10 12:35:00+00:00,7626.329878239226,-1,2006.69
2026-02-10 12:40:00+00:00,7626.329878239226,-1,2005.12
2026-02-10 12:45:00+00:00,7626.329878239226,-1,2006.86
2026-02-10 12:50:00+00:00,7626.329878239226,-1,2006.5
2026-02-10 12:55:00+00:00,7626.329878239226,-1,2006.61
2026-02-10 13:00:00+00:00,7626.329878239226,-1,2005.9
2026-02-10 13:05:00+00:00,7626.329878239226,-1,2011.26
2026-02-10 13:10:00+00:00,7626.329878239226,-1,2009.62
2026-02-10 13:15:00+00:00,7626.329878239226,-1,2011.97
2026-02-10 13:20:00+00:00,7626.329878239226,-1,2013.76
2026-02-10 13:25:00+00:00,7626.329878239226,-1,2012.01
2026-02-10 13:30:00+00:00,7626.329878239226,-1,2025.01
2026-02-10 13:35:00+00:00,7626.329878239226,-1,2020.48
2026-02-10 13:40:00+00:00,7626.329878239226,-1,2021.89
2026-02-10 13:45:00+00:00,7626.329878239226,-1,2018.85
2026-02-10 13:50:00+00:00,7626.329878239226,-1,2020.2
2026-02-10 13:55:00+00:00,7626.329878239226,-1,2020.94
2026-02-10 14:00:00+00:00,7626.329878239226,-1,2013.11
2026-02-10 14:05:00+00:00,7626.329878239226,-1,2018.87
2026-02-10 14:10:00+00:00,7626.329878239226,-1,2020.84
2026-02-10 14:15:00+00:00,7626.329878239226,-1,2033.84
2026-02-10 14:20:00+00:00,7626.329878239226,-1,2029.52
2026-02-10 14:25:00+00:00,7626.329878239226,-1,2026.2
2026-02-10 14:30:00+00:00,7626.329878239226,-1,2027.05
2026-02-10 14:35:00+00:00,7626.329878239226,-1,2012.77
2026-02-10 14:40:00+00:00,7626.329878239226,-1,2002.16
2026-02-10 14:45:00+00:00,7626.329878239226,-1,1995.62
2026-02-10 14:50:00+00:00,7626.329878239226,-1,2009.21
2026-02-10 14:55:00+00:00,7626.329878239226,-1,2008.31
2026-02-10 15:00:00+00:00,7626.329878239226,-1,2005.13
2026-02-10 15:05:00+00:00,7626.329878239226,-1,2021.15
2026-02-10 15:10:00+00:00,7626.329878239226,-1,2009.23
2026-02-10 15:15:00+00:00,7626.329878239226,-1,2017.18
2026-02-10 15:20:00+00:00,7626.329878239226,-1,2018.53
2026-02-10 15:25:00+00:00,7626.329878239226,-1,2020.61
2026-02-10 15:30:00+00:00,7626.329878239226,-1,2022.88
2026-02-10 15:35:00+00:00,7626.329878239226,-1,2024.05
2026-02-10 15:40:00+00:00,7626.329878239226,-1,2023.96
2026-02-10 15:45:00+00:00,7626.329878239226,-1,2025.54
2026-02-10 15:50:00+00:00,7626.329878239226,-1,2024.6
2026-02-10 15:55:00+00:00,7626.329878239226,-1,2021.32
2026-02-10 16:00:00+00:00,7626.329878239226,-1,2015.93
2026-02-10 16:05:00+00:00,7626.329878239226,-1,2013.46
2026-02-10 16:10:00+00:00,7626.329878239226,-1,2033.53
2026-02-10 16:15:00+00:00,7626.329878239226,-1,2028.51
2026-02-10 16:20:00+00:00,7626.329878239226,-1,2024.98
2026-02-10 16:25:00+00:00,7626.329878239226,-1,2026.18
2026-02-10 16:30:00+00:00,7626.329878239226,-1,2025.42
2026-02-10 16:35:00+00:00,7626.329878239226,-1,2032.6
2026-02-10 16:40:00+00:00,7626.329878239226,-1,2029.97
2026-02-10 16:45:00+00:00,7626.329878239226,-1,2028.04
2026-02-10 16:50:00+00:00,7626.329878239226,-1,2021.35
2026-02-10 16:55:00+00:00,7626.329878239226,-1,2024.88
2026-02-10 17:00:00+00:00,7626.329878239226,-1,2019.8
2026-02-10 17:05:00+00:00,7626.329878239226,-1,2024.4
2026-02-10 17:10:00+00:00,7626.329878239226,-1,2023.35
2026-02-10 17:15:00+00:00,7626.329878239226,-1,2032.0
2026-02-10 17:20:00+00:00,7626.329878239226,-1,2030.65
2026-02-10 17:25:00+00:00,7626.329878239226,-1,2029.84
2026-02-10 17:30:00+00:00,7626.329878239226,-1,2037.4
2026-02-10 17:35:00+00:00,7626.329878239226,-1,2039.15
2026-02-10 17:40:00+00:00,7626.329878239226,-1,2042.03
2026-02-10 17:45:00+00:00,7626.329878239226,-1,2038.45
2026-02-10 17:50:00+00:00,7626.329878239226,-1,2035.49
2026-02-10 17:55:00+00:00,7626.329878239226,-1,2038.87
2026-02-10 18:00:00+00:00,7626.329878239226,-1,2032.04
2026-02-10 18:05:00+00:00,7626.329878239226,-1,2029.66
2026-02-10 18:10:00+00:00,7626.329878239226,-1,2026.77
2026-02-10 18:15:00+00:00,7626.329878239226,-1,2028.53
2026-02-10 18:20:00+00:00,7626.329878239226,-1,2013.69
2026-02-10 18:25:00+00:00,7626.329878239226,-1,2005.92
2026-02-10 18:30:00+00:00,7626.329878239226,-1,2003.73
2026-02-10 18:35:00+00:00,7626.329878239226,-1,2010.31
2026-02-10 18:40:00+00:00,7626.329878239226,-1,2008.99
2026-02-10 18:45:00+00:00,7626.329878239226,-1,1999.67
2026-02-10 18:50:00+00:00,7626.329878239226,-1,2007.78
2026-02-10 18:55:00+00:00,7626.329878239226,-1,2008.28
2026-02-10 19:00:00+00:00,7626.329878239226,-1,2004.29
2026-02-10 19:05:00+00:00,7626.329878239226,-1,2010.67
2026-02-10 19:10:00+00:00,7626.329878239226,-1,2010.75
2026-02-10 19:15:00+00:00,7626.329878239226,-1,2007.33
2026-02-10 19:20:00+00:00,7626.329878239226,-1,2007.42
2026-02-10 19:25:00+00:00,7626.329878239226,-1,2009.28
2026-02-10 19:30:00+00:00,7626.329878239226,-1,2013.38
2026-02-10 19:35:00+00:00,7626.329878239226,-1,2022.27
2026-02-10 19:40:00+00:00,7626.329878239226,-1,2020.99
2026-02-10 19:45:00+00:00,7626.329878239226,-1,2020.4
2026-02-10 19:50:00+00:00,7626.329878239226,-1,2015.15
2026-02-10 19:55:00+00:00,7626.329878239226,-1,2016.82
2026-02-10 20:00:00+00:00,7626.329878239226,-1,2014.2
2026-02-10 20:05:00+00:00,7626.329878239226,-1,2011.11
2026-02-10 20:10:00+00:00,7626.329878239226,-1,2007.03
2026-02-10 20:15:00+00:00,7626.329878239226,-1,2009.52
2026-02-10 20:20:00+00:00,7626.329878239226,-1,2007.64
2026-02-10 20:25:00+00:00,7626.329878239226,-1,2008.53
2026-02-10 20:30:00+00:00,7626.329878239226,-1,2004.99
2026-02-10 20:35:00+00:00,7626.329878239226,-1,2011.45
2026-02-10 20:40:00+00:00,7626.329878239226,-1,2013.28
2026-02-10 20:45:00+00:00,7626.329878239226,-1,2011.18
2026-02-10 20:50:00+00:00,7626.329878239226,-1,2010.96
2026-02-10 20:55:00+00:00,7626.329878239226,-1,2010.35
2026-02-10 21:00:00+00:00,7626.329878239226,-1,2014.23
2026-02-10 21:05:00+00:00,7626.329878239226,-1,2012.9
2026-02-10 21:10:00+00:00,7626.329878239226,-1,2011.94
2026-02-10 21:15:00+00:00,7626.329878239226,-1,2013.5
2026-02-10 21:20:00+00:00,7626.329878239226,-1,2011.68
2026-02-10 21:25:00+00:00,7626.329878239226,-1,2006.22
2026-02-10 21:30:00+00:00,7626.329878239226,-1,2001.73
2026-02-10 21:35:00+00:00,7626.329878239226,-1,2004.48
2026-02-10 21:40:00+00:00,7626.329878239226,-1,2002.31
2026-02-10 21:45:00+00:00,7626.329878239226,-1,2004.23
2026-02-10 21:50:00+00:00,7626.329878239226,-1,2007.62
2026-02-10 21:55:00+00:00,7626.329878239226,-1,2007.27
2026-02-10 22:00:00+00:00,7626.329878239226,-1,2010.76
2026-02-10 22:05:00+00:00,7626.329878239226,-1,2006.65
2026-02-10 22:10:00+00:00,7626.329878239226,-1,2006.01
2026-02-10 22:15:00+00:00,7626.329878239226,-1,2008.27
2026-02-10 22:20:00+00:00,7626.329878239226,-1,2011.5
2026-02-10 22:25:00+00:00,7626.329878239226,-1,2013.52
2026-02-10 22:30:00+00:00,7626.329878239226,-1,2015.28
2026-02-10 22:35:00+00:00,7626.329878239226,-1,2018.49
2026-02-10 22:40:00+00:00,7626.329878239226,-1,2015.77
2026-02-10 22:45:00+00:00,7626.329878239226,-1,2012.0
2026-02-10 22:50:00+00:00,7626.329878239226,-1,2012.97
2026-02-10 22:55:00+00:00,7626.329878239226,-1,2016.76
2026-02-10 23:00:00+00:00,7626.329878239226,-1,2014.56
2026-02-10 23:05:00+00:00,7626.329878239226,-1,2014.87
2026-02-10 23:10:00+00:00,7626.329878239226,-1,2016.42
2026-02-10 23:15:00+00:00,7626.329878239226,-1,2014.76
2026-02-10 23:20:00+00:00,7626.329878239226,-1,2012.33
2026-02-10 23:25:00+00:00,7626.329878239226,-1,2012.9
2026-02-10 23:30:00+00:00,7626.329878239226,-1,2014.23
2026-02-10 23:35:00+00:00,7626.329878239226,-1,2017.7
2026-02-10 23:40:00+00:00,7626.329878239226,-1,2019.53
2026-02-10 23:45:00+00:00,7626.329878239226,-1,2019.46
2026-02-10 23:50:00+00:00,7626.329878239226,-1,2019.4
2026-02-10 23:55:00+00:00,7626.329878239226,-1,2021.51
2026-02-11 00:00:00+00:00,7626.329878239226,-1,2020.32
2026-02-11 00:05:00+00:00,7626.329878239226,-1,2022.58
2026-02-11 00:10:00+00:00,7626.329878239226,-1,2019.01
2026-02-11 00:15:00+00:00,7626.329878239226,-1,2025.45
2026-02-11 00:20:00+00:00,7626.329878239226,-1,2025.17
2026-02-11 00:25:00+00:00,7626.329878239226,-1,2025.99
2026-02-11 00:30:00+00:00,7626.329878239226,-1,2022.42
2026-02-11 00:35:00+00:00,7626.329878239226,-1,2022.05
2026-02-11 00:40:00+00:00,7626.329878239226,-1,2020.77
2026-02-11 00:45:00+00:00,7626.329878239226,-1,2022.52
2026-02-11 00:50:00+00:00,7626.329878239226,-1,2026.59
2026-02-11 00:55:00+00:00,7626.329878239226,-1,2023.98
2026-02-11 01:00:00+00:00,7626.329878239226,-1,2027.02
2026-02-11 01:05:00+00:00,7626.329878239226,-1,2024.19
2026-02-11 01:10:00+00:00,7626.329878239226,-1,2024.53
2026-02-11 01:15:00+00:00,7626.329878239226,-1,2023.76
2026-02-11 01:20:00+00:00,7626.329878239226,-1,2018.07
2026-02-11 01:25:00+00:00,7626.329878239226,-1,2016.75
2026-02-11 01:30:00+00:00,7626.329878239226,-1,2017.18
2026-02-11 01:35:00+00:00,7626.329878239226,-1,2018.41
2026-02-11 01:40:00+00:00,7626.329878239226,-1,2025.14
2026-02-11 01:45:00+00:00,7626.329878239226,-1,2022.53
2026-02-11 01:50:00+00:00,7626.329878239226,-1,2022.76
2026-02-11 01:55:00+00:00,7626.329878239226,-1,2023.17
2026-02-11 02:00:00+00:00,7626.329878239226,-1,2027.3
2026-02-11 02:05:00+00:00,7626.329878239226,-1,2025.58
2026-02-11 02:10:00+00:00,7626.329878239226,-1,2023.09
2026-02-11 02:15:00+00:00,7626.329878239226,-1,2026.25
2026-02-11 02:20:00+00:00,7626.329878239226,-1,2027.04
2026-02-11 02:25:00+00:00,7626.329878239226,-1,2028.56
2026-02-11 02:30:00+00:00,7626.329878239226,-1,2028.78
2026-02-11 02:35:00+00:00,7626.329878239226,-1,2025.1
2026-02-11 02:40:00+00:00,7626.329878239226,-1,2021.68
2026-02-11 02:45:00+00:00,7626.329878239226,-1,2014.31
2026-02-11 02:50:00+00:00,7626.329878239226,-1,2016.28
2026-02-11 02:55:00+00:00,7626.329878239226,-1,2016.53
2026-02-11 03:00:00+00:00,7626.329878239226,-1,2013.84
2026-02-11 03:05:00+00:00,7626.329878239226,-1,2015.56
2026-02-11 03:10:00+00:00,7626.329878239226,-1,2008.83
2026-02-11 03:15:00+00:00,7626.329878239226,-1,1998.29
2026-02-11 03:20:00+00:00,7626.329878239226,-1,2006.9
2026-02-11 03:25:00+00:00,7626.329878239226,-1,2010.0
2026-02-11 03:30:00+00:00,7626.329878239226,-1,2010.27
2026-02-11 03:35:00+00:00,7626.329878239226,-1,2010.92
2026-02-11 03:40:00+00:00,7626.329878239226,-1,2015.76
2026-02-11 03:45:00+00:00,7626.329878239226,-1,2014.25
2026-02-11 03:50:00+00:00,7626.329878239226,-1,2011.93
2026-02-11 03:55:00+00:00,7626.329878239226,-1,2008.41
2026-02-11 04:00:00+00:00,7626.329878239226,-1,2008.6
2026-02-11 04:05:00+00:00,7626.329878239226,-1,2007.25
2026-02-11 04:10:00+00:00,7626.329878239226,-1,2000.67
2026-02-11 04:15:00+00:00,7626.329878239226,-1,2001.57
2026-02-11 04:20:00+00:00,7626.329878239226,-1,1986.29
2026-02-11 04:25:00+00:00,7626.329878239226,-1,1983.2
2026-02-11 04:30:00+00:00,7626.329878239226,-1,1980.47
2026-02-11 04:35:00+00:00,7626.329878239226,-1,1974.4
2026-02-11 04:40:00+00:00,7626.329878239226,-1,1973.01
2026-02-11 04:45:00+00:00,7626.329878239226,-1,1975.59
2026-02-11 04:50:00+00:00,7626.329878239226,-1,1966.48
2026-02-11 04:55:00+00:00,7626.329878239226,-1,1970.63
2026-02-11 05:00:00+00:00,7626.329878239226,-1,1975.73
2026-02-11 05:05:00+00:00,7626.329878239226,-1,1977.22
2026-02-11 05:10:00+00:00,7626.329878239226,-1,1976.71
2026-02-11 05:15:00+00:00,7626.329878239226,-1,1973.93
2026-02-11 05:20:00+00:00,7626.329878239226,-1,1977.23
2026-02-11 05:25:00+00:00,7626.329878239226,-1,1978.34
2026-02-11 05:30:00+00:00,7626.329878239226,-1,1974.11
2026-02-11 05:35:00+00:00,7626.329878239226,-1,1977.44
2026-02-11 05:40:00+00:00,7626.329878239226,-1,1972.89
2026-02-11 05:45:00+00:00,7626.329878239226,-1,1974.54
2026-02-11 05:50:00+00:00,7626.329878239226,-1,1975.18
2026-02-11 05:55:00+00:00,7626.329878239226,-1,1973.3
2026-02-11 06:00:00+00:00,7626.329878239226,-1,1974.83
2026-02-11 06:05:00+00:00,7626.329878239226,-1,1964.86
2026-02-11 06:10:00+00:00,7626.329878239226,-1,1952.19
2026-02-11 06:15:00+00:00,7626.329878239226,-1,1944.29
2026-02-11 06:20:00+00:00,7626.329878239226,-1,1955.52
2026-02-11 06:25:00+00:00,7626.329878239226,-1,1957.95
2026-02-11 06:30:00+00:00,7626.329878239226,-1,1955.31
2026-02-11 06:35:00+00:00,7626.329878239226,-1,1956.02
2026-02-11 06:40:00+00:00,7626.329878239226,-1,1951.89
2026-02-11 06:45:00+00:00,7626.329878239226,-1,1946.48
2026-02-11 06:50:00+00:00,7626.329878239226,-1,1946.89
2026-02-11 06:55:00+00:00,7626.329878239226,-1,1947.78
2026-02-11 07:00:00+00:00,7626.329878239226,-1,1950.53
2026-02-11 07:05:00+00:00,7626.329878239226,-1,1948.26
2026-02-11 07:10:00+00:00,7626.329878239226,-1,1948.48
2026-02-11 07:15:00+00:00,7626.329878239226,-1,1950.98
2026-02-11 07:20:00+00:00,7626.329878239226,-1,1948.95
2026-02-11 07:25:00+00:00,7626.329878239226,-1,1951.11
2026-02-11 07:30:00+00:00,7626.329878239226,-1,1951.75
2026-02-11 07:35:00+00:00,7626.329878239226,-1,1951.85
2026-02-11 07:40:00+00:00,7626.329878239226,-1,1953.65
2026-02-11 07:45:00+00:00,7626.329878239226,-1,1953.1
2026-02-11 07:50:00+00:00,7626.329878239226,-1,1956.25
2026-02-11 07:55:00+00:00,7626.329878239226,-1,1949.56
2026-02-11 08:00:00+00:00,7626.329878239226,-1,1948.88
2026-02-11 08:05:00+00:00,7626.329878239226,-1,1939.48
2026-02-11 08:10:00+00:00,7626.329878239226,-1,1943.1
2026-02-11 08:15:00+00:00,7626.329878239226,-1,1946.48
2026-02-11 08:20:00+00:00,7626.329878239226,-1,1947.91
2026-02-11 08:25:00+00:00,8172.70359319438,-1,1946.98
2026-02-11 08:30:00+00:00,8172.70359319438,-1,1948.18
2026-02-11 08:35:00+00:00,8172.70359319438,-1,1948.96
2026-02-11 08:40:00+00:00,8172.70359319438,-1,1949.91
2026-02-11 08:45:00+00:00,8172.70359319438,-1,1946.95
2026-02-11 08:50:00+00:00,8172.70359319438,-1,1946.07
2026-02-11 08:55:00+00:00,8172.70359319438,-1,1948.76
2026-02-11 09:00:00+00:00,8172.70359319438,-1,1949.26
2026-02-11 09:05:00+00:00,8172.70359319438,-1,1946.78
2026-02-11 09:10:00+00:00,8172.70359319438,-1,1950.25
2026-02-11 09:15:00+00:00,8172.70359319438,-1,1946.47
2026-02-11 09:20:00+00:00,8172.70359319438,-1,1947.21
2026-02-11 09:25:00+00:00,8172.70359319438,-1,1950.07
2026-02-11 09:30:00+00:00,8172.70359319438,-1,1946.84
2026-02-11 09:35:00+00:00,8172.70359319438,-1,1946.17
2026-02-11 09:40:00+00:00,8172.70359319438,-1,1945.87
2026-02-11 09:45:00+00:00,8172.70359319438,-1,1943.99
2026-02-11 09:50:00+00:00,8172.70359319438,-1,1945.69
2026-02-11 09:55:00+00:00,8172.70359319438,-1,1945.63
2026-02-11 10:00:00+00:00,8172.70359319438,-1,1939.01
2026-02-11 10:05:00+00:00,8172.70359319438,-1,1938.22
2026-02-11 10:10:00+00:00,8172.70359319438,-1,1939.27
2026-02-11 10:15:00+00:00,8172.70359319438,-1,1938.65
2026-02-11 10:20:00+00:00,8172.70359319438,-1,1940.94
2026-02-11 10:25:00+00:00,8172.70359319438,-1,1944.64
2026-02-11 10:30:00+00:00,8172.70359319438,-1,1936.96
2026-02-11 10:35:00+00:00,8172.70359319438,-1,1935.59
2026-02-11 10:40:00+00:00,8172.70359319438,-1,1936.98
2026-02-11 10:45:00+00:00,8172.70359319438,-1,1936.2
2026-02-11 10:50:00+00:00,8172.70359319438,-1,1935.15
2026-02-11 10:55:00+00:00,8172.70359319438,-1,1938.27
2026-02-11 11:00:00+00:00,8172.70359319438,-1,1942.21
2026-02-11 11:05:00+00:00,8172.70359319438,-1,1941.19
2026-02-11 11:10:00+00:00,8172.70359319438,-1,1941.15
2026-02-11 11:15:00+00:00,8172.70359319438,-1,1947.43
2026-02-11 11:20:00+00:00,8172.70359319438,-1,1950.83
2026-02-11 11:25:00+00:00,8172.70359319438,-1,1950.1
2026-02-11 11:30:00+00:00,8172.70359319438,-1,1948.45
2026-02-11 11:35:00+00:00,8172.70359319438,-1,1948.84
2026-02-11 11:40:00+00:00,8172.70359319438,-1,1948.16
2026-02-11 11:45:00+00:00,8172.70359319438,-1,1951.83
2026-02-11 11:50:00+00:00,8172.70359319438,-1,1953.8
2026-02-11 11:55:00+00:00,8172.70359319438,-1,1952.33
2026-02-11 12:00:00+00:00,8172.70359319438,-1,1950.61
2026-02-11 12:05:00+00:00,8172.70359319438,-1,1961.67
2026-02-11 12:10:00+00:00,8172.70359319438,-1,1957.24
2026-02-11 12:15:00+00:00,8172.70359319438,-1,1958.61
2026-02-11 12:20:00+00:00,8172.70359319438,-1,1963.41
2026-02-11 12:25:00+00:00,8172.70359319438,-1,1958.77
2026-02-11 12:30:00+00:00,8172.70359319438,-1,1958.03
2026-02-11 12:35:00+00:00,8172.70359319438,-1,1952.43
2026-02-11 12:40:00+00:00,8172.70359319438,-1,1949.04
2026-02-11 12:45:00+00:00,8172.70359319438,-1,1950.9
2026-02-11 12:50:00+00:00,8172.70359319438,-1,1951.61
2026-02-11 12:55:00+00:00,8172.70359319438,-1,1951.21
2026-02-11 13:00:00+00:00,8172.70359319438,-1,1948.33
2026-02-11 13:05:00+00:00,8172.70359319438,-1,1947.1
2026-02-11 13:10:00+00:00,8172.70359319438,-1,1944.98
2026-02-11 13:15:00+00:00,8172.70359319438,-1,1945.68
2026-02-11 13:20:00+00:00,8172.70359319438,-1,1948.5
2026-02-11 13:25:00+00:00,8172.70359319438,-1,1947.41
2026-02-11 13:30:00+00:00,8172.70359319438,-1,1963.03
2026-02-11 13:35:00+00:00,8172.70359319438,-1,1960.43
2026-02-11 13:40:00+00:00,8172.70359319438,-1,1953.97
2026-02-11 13:45:00+00:00,8172.70359319438,-1,1956.62
2026-02-11 13:50:00+00:00,8172.70359319438,-1,1950.21
2026-02-11 13:55:00+00:00,8172.70359319438,-1,1959.43
2026-02-11 14:00:00+00:00,8172.70359319438,-1,1977.77
2026-02-11 14:05:00+00:00,8172.70359319438,-1,1979.53
2026-02-11 14:10:00+00:00,8172.70359319438,-1,2002.84
2026-02-11 14:15:00+00:00,8172.70359319438,-1,1997.41
2026-02-11 14:20:00+00:00,8172.70359319438,-1,1982.99
2026-02-11 14:25:00+00:00,8172.70359319438,-1,1986.71
2026-02-11 14:30:00+00:00,8172.70359319438,-1,1972.26
2026-02-11 14:35:00+00:00,8172.70359319438,-1,1961.62
2026-02-11 14:40:00+00:00,8172.70359319438,-1,1962.36
2026-02-11 14:45:00+00:00,8172.70359319438,-1,1952.8
2026-02-11 14:50:00+00:00,8172.70359319438,-1,1953.76
2026-02-11 14:55:00+00:00,8172.70359319438,-1,1942.31
2026-02-11 15:00:00+00:00,8172.70359319438,-1,1938.07
2026-02-11 15:05:00+00:00,8172.70359319438,-1,1912.55
2026-02-11 15:10:00+00:00,8172.70359319438,-1,1916.89
2026-02-11 15:15:00+00:00,8172.70359319438,-1,1916.67
2026-02-11 15:20:00+00:00,8172.70359319438,-1,1917.11
2026-02-11 15:25:00+00:00,8172.70359319438,-1,1921.29
2026-02-11 15:30:00+00:00,8172.70359319438,-1,1924.9
2026-02-11 15:35:00+00:00,8172.70359319438,-1,1928.83
2026-02-11 15:40:00+00:00,8172.70359319438,-1,1936.18
2026-02-11 15:45:00+00:00,8172.70359319438,-1,1918.55
2026-02-11 15:50:00+00:00,8172.70359319438,-1,1930.75
2026-02-11 15:55:00+00:00,8172.70359319438,-1,1928.05
2026-02-11 16:00:00+00:00,8172.70359319438,-1,1932.05
2026-02-11 16:05:00+00:00,8172.70359319438,-1,1934.57
2026-02-11 16:10:00+00:00,8172.70359319438,-1,1952.3
2026-02-11 16:15:00+00:00,8172.70359319438,-1,1946.89
2026-02-11 16:20:00+00:00,8172.70359319438,-1,1945.76
2026-02-11 16:25:00+00:00,8172.70359319438,-1,1934.85
2026-02-11 16:30:00+00:00,8172.70359319438,-1,1934.37
2026-02-11 16:35:00+00:00,8172.70359319438,-1,1923.84
2026-02-11 16:40:00+00:00,8172.70359319438,-1,1916.9
2026-02-11 16:45:00+00:00,8172.70359319438,-1,1912.98
2026-02-11 16:50:00+00:00,8172.70359319438,-1,1917.38
2026-02-11 16:55:00+00:00,8172.70359319438,-1,1914.44
2026-02-11 17:00:00+00:00,8172.70359319438,-1,1909.9
2026-02-11 17:05:00+00:00,8172.70359319438,-1,1916.74
2026-02-11 17:10:00+00:00,8172.70359319438,-1,1917.48
2026-02-11 17:15:00+00:00,8172.70359319438,-1,1921.46
2026-02-11 17:20:00+00:00,8172.70359319438,-1,1926.42
2026-02-11 17:25:00+00:00,8172.70359319438,-1,1931.49
2026-02-11 17:30:00+00:00,8172.70359319438,-1,1935.31
2026-02-11 17:35:00+00:00,8172.70359319438,-1,1935.03
2026-02-11 17:40:00+00:00,8172.70359319438,-1,1933.01
2026-02-11 17:45:00+00:00,8172.70359319438,-1,1935.19
2026-02-11 17:50:00+00:00,8172.70359319438,-1,1935.96
2026-02-11 17:55:00+00:00,8172.70359319438,-1,1928.92
2026-02-11 18:00:00+00:00,8172.70359319438,-1,1922.91
2026-02-11 18:05:00+00:00,8172.70359319438,-1,1917.54
2026-02-11 18:10:00+00:00,8172.70359319438,-1,1923.51
2026-02-11 18:15:00+00:00,8172.70359319438,-1,1933.52
2026-02-11 18:20:00+00:00,8172.70359319438,-1,1936.67
2026-02-11 18:25:00+00:00,8172.70359319438,-1,1937.44
2026-02-11 18:30:00+00:00,8172.70359319438,-1,1934.79
2026-02-11 18:35:00+00:00,8172.70359319438,-1,1941.83
2026-02-11 18:40:00+00:00,8172.70359319438,-1,1938.29
2026-02-11 18:45:00+00:00,8172.70359319438,-1,1946.21
2026-02-11 18:50:00+00:00,8172.70359319438,-1,1943.93
2026-02-11 18:55:00+00:00,8172.70359319438,-1,1943.3
2026-02-11 19:00:00+00:00,8172.70359319438,-1,1946.22
2026-02-11 19:05:00+00:00,8172.70359319438,-1,1950.18
2026-02-11 19:10:00+00:00,8172.70359319438,-1,1952.02
2026-02-11 19:15:00+00:00,8172.70359319438,-1,1948.46
2026-02-11 19:20:00+00:00,8172.70359319438,-1,1950.61
2026-02-11 19:25:00+00:00,8172.70359319438,-1,1943.2
2026-02-11 19:30:00+00:00,8172.70359319438,-1,1943.02
2026-02-11 19:35:00+00:00,8172.70359319438,-1,1948.02
2026-02-11 19:40:00+00:00,8172.70359319438,-1,1954.78
2026-02-11 19:45:00+00:00,8172.70359319438,-1,1952.12
2026-02-11 19:50:00+00:00,8172.70359319438,-1,1952.67
2026-02-11 19:55:00+00:00,8172.70359319438,-1,1951.26
2026-02-11 20:00:00+00:00,8172.70359319438,-1,1950.31
2026-02-11 20:05:00+00:00,8172.70359319438,-1,1950.41
2026-02-11 20:10:00+00:00,8172.70359319438,-1,1955.85
2026-02-11 20:15:00+00:00,8172.70359319438,-1,1950.69
2026-02-11 20:20:00+00:00,8172.70359319438,-1,1944.46
2026-02-11 20:25:00+00:00,8172.70359319438,-1,1941.1
2026-02-11 20:30:00+00:00,8172.70359319438,-1,1943.07
2026-02-11 20:35:00+00:00,8172.70359319438,-1,1946.39
2026-02-11 20:40:00+00:00,8172.70359319438,-1,1946.1
2026-02-11 20:45:00+00:00,8172.70359319438,-1,1954.51
2026-02-11 20:50:00+00:00,8172.70359319438,-1,1951.88
2026-02-11 20:55:00+00:00,8172.70359319438,-1,1953.26
2026-02-11 21:00:00+00:00,8172.70359319438,-1,1952.7
2026-02-11 21:05:00+00:00,8172.70359319438,-1,1956.2
2026-02-11 21:10:00+00:00,8172.70359319438,-1,1953.79
2026-02-11 21:15:00+00:00,8172.70359319438,-1,1954.92
2026-02-11 21:20:00+00:00,8172.70359319438,-1,1969.84
2026-02-11 21:25:00+00:00,8172.70359319438,-1,1973.78
2026-02-11 21:30:00+00:00,8172.70359319438,-1,1975.29
2026-02-11 21:35:00+00:00,8172.70359319438,-1,1981.41
2026-02-11 21:40:00+00:00,8172.70359319438,-1,1972.62
2026-02-11 21:45:00+00:00,8172.70359319438,-1,1976.15
2026-02-11 21:50:00+00:00,8172.70359319438,-1,1972.53
2026-02-11 21:55:00+00:00,8172.70359319438,-1,1969.39
2026-02-11 22:00:00+00:00,8172.70359319438,-1,1965.6
2026-02-11 22:05:00+00:00,8172.70359319438,-1,1965.57
2026-02-11 22:10:00+00:00,8172.70359319438,-1,1960.93
2026-02-11 22:15:00+00:00,8172.70359319438,-1,1958.45
2026-02-11 22:20:00+00:00,8172.70359319438,-1,1959.06
2026-02-11 22:25:00+00:00,8172.70359319438,-1,1958.98
2026-02-11 22:30:00+00:00,8172.70359319438,-1,1959.93
2026-02-11 22:35:00+00:00,8172.70359319438,-1,1959.71
2026-02-11 22:40:00+00:00,8172.70359319438,-1,1959.71
2026-02-11 22:45:00+00:00,8172.70359319438,-1,1961.41
2026-02-11 22:50:00+00:00,8172.70359319438,-1,1949.42
2026-02-11 22:55:00+00:00,8172.70359319438,-1,1950.29
2026-02-11 23:00:00+00:00,8172.70359319438,-1,1952.71
2026-02-11 23:05:00+00:00,8172.70359319438,-1,1952.51
2026-02-11 23:10:00+00:00,8172.70359319438,-1,1946.49
2026-02-11 23:15:00+00:00,8172.70359319438,-1,1946.21
2026-02-11 23:20:00+00:00,8172.70359319438,-1,1934.68
2026-02-11 23:25:00+00:00,8172.70359319438,-1,1935.79
2026-02-11 23:30:00+00:00,8172.70359319438,-1,1935.71
2026-02-11 23:35:00+00:00,8172.70359319438,-1,1942.3
2026-02-11 23:40:00+00:00,8172.70359319438,-1,1943.16
2026-02-11 23:45:00+00:00,8172.70359319438,-1,1938.9
2026-02-11 23:50:00+00:00,8172.70359319438,-1,1940.99
2026-02-11 23:55:00+00:00,8172.70359319438,-1,1940.07
2026-02-12 00:00:00+00:00,8172.70359319438,-1,1945.73
2026-02-12 00:05:00+00:00,8172.70359319438,-1,1951.09
2026-02-12 00:10:00+00:00,8172.70359319438,-1,1951.89
2026-02-12 00:15:00+00:00,8172.70359319438,-1,1952.27
2026-02-12 00:20:00+00:00,8172.70359319438,-1,1951.68
2026-02-12 00:25:00+00:00,8172.70359319438,-1,1951.09
2026-02-12 00:30:00+00:00,8172.70359319438,-1,1954.37
2026-02-12 00:35:00+00:00,8172.70359319438,-1,1955.91
2026-02-12 00:40:00+00:00,8172.70359319438,-1,1958.86
2026-02-12 00:45:00+00:00,8172.70359319438,-1,1958.39
2026-02-12 00:50:00+00:00,8172.70359319438,-1,1959.15
2026-02-12 00:55:00+00:00,8172.70359319438,-1,1957.67
2026-02-12 01:00:00+00:00,8172.70359319438,-1,1963.66
2026-02-12 01:05:00+00:00,8172.70359319438,-1,1963.98
2026-02-12 01:10:00+00:00,8172.70359319438,-1,1967.32
2026-02-12 01:15:00+00:00,8172.70359319438,-1,1966.08
2026-02-12 01:20:00+00:00,8172.70359319438,-1,1964.43
2026-02-12 01:25:00+00:00,8172.70359319438,-1,1968.75
2026-02-12 01:30:00+00:00,8172.70359319438,-1,1968.01
2026-02-12 01:35:00+00:00,8172.70359319438,-1,1973.05
2026-02-12 01:40:00+00:00,8172.70359319438,-1,1970.93
2026-02-12 01:45:00+00:00,8172.70359319438,-1,1965.68
2026-02-12 01:50:00+00:00,8172.70359319438,-1,1965.06
2026-02-12 01:55:00+00:00,8172.70359319438,-1,1964.67
2026-02-12 02:00:00+00:00,8172.70359319438,-1,1961.28
2026-02-12 02:05:00+00:00,8172.70359319438,-1,1966.35
2026-02-12 02:10:00+00:00,8172.70359319438,-1,1958.01
2026-02-12 02:15:00+00:00,8172.70359319438,-1,1957.0
2026-02-12 02:20:00+00:00,8172.70359319438,-1,1961.01
2026-02-12 02:25:00+00:00,8172.70359319438,-1,1961.7
2026-02-12 02:30:00+00:00,8172.70359319438,-1,1968.13
2026-02-12 02:35:00+00:00,8172.70359319438,-1,1966.1
2026-02-12 02:40:00+00:00,8172.70359319438,-1,1965.9
2026-02-12 02:45:00+00:00,8172.70359319438,-1,1964.97
2026-02-12 02:50:00+00:00,8172.70359319438,-1,1960.54
2026-02-12 02:55:00+00:00,8172.70359319438,-1,1957.82
2026-02-12 03:00:00+00:00,8172.70359319438,-1,1962.31
2026-02-12 03:05:00+00:00,8172.70359319438,-1,1962.29
2026-02-12 03:10:00+00:00,8172.70359319438,-1,1962.5
2026-02-12 03:15:00+00:00,8172.70359319438,-1,1957.99
2026-02-12 03:20:00+00:00,8172.70359319438,-1,1957.75
2026-02-12 03:25:00+00:00,8172.70359319438,-1,1961.11
2026-02-12 03:30:00+00:00,8172.70359319438,-1,1965.34
2026-02-12 03:35:00+00:00,8172.70359319438,-1,1967.16
2026-02-12 03:40:00+00:00,8172.70359319438,-1,1965.77
2026-02-12 03:45:00+00:00,8172.70359319438,-1,1965.02
2026-02-12 03:50:00+00:00,8172.70359319438,-1,1966.74
2026-02-12 03:55:00+00:00,8172.70359319438,-1,1967.75
2026-02-12 04:00:00+00:00,8172.70359319438,-1,1968.75
2026-02-12 04:05:00+00:00,8172.70359319438,-1,1972.03
2026-02-12 04:10:00+00:00,8172.70359319438,-1,1972.38
2026-02-12 04:15:00+00:00,8172.70359319438,-1,1965.3
2026-02-12 04:20:00+00:00,8172.70359319438,-1,1964.35
2026-02-12 04:25:00+00:00,8172.70359319438,-1,1962.91
2026-02-12 04:30:00+00:00,8172.70359319438,-1,1967.54
2026-02-12 04:35:00+00:00,8172.70359319438,-1,1971.91
2026-02-12 04:40:00+00:00,8172.70359319438,-1,1970.9
2026-02-12 04:45:00+00:00,8172.70359319438,-1,1968.92
2026-02-12 04:50:00+00:00,8172.70359319438,-1,1966.07
2026-02-12 04:55:00+00:00,8172.70359319438,-1,1964.78
2026-02-12 05:00:00+00:00,8172.70359319438,-1,1967.91
2026-02-12 05:05:00+00:00,8172.70359319438,-1,1964.17
2026-02-12 05:10:00+00:00,8172.70359319438,-1,1956.57
2026-02-12 05:15:00+00:00,8172.70359319438,-1,1953.46
2026-02-12 05:20:00+00:00,8172.70359319438,-1,1961.33
2026-02-12 05:25:00+00:00,8172.70359319438,-1,1960.67
2026-02-12 05:30:00+00:00,8172.70359319438,-1,1967.92
2026-02-12 05:35:00+00:00,8172.70359319438,-1,1963.39
2026-02-12 05:40:00+00:00,8172.70359319438,-1,1968.01
2026-02-12 05:45:00+00:00,8172.70359319438,-1,1966.23
2026-02-12 05:50:00+00:00,8172.70359319438,-1,1967.6
2026-02-12 05:55:00+00:00,8172.70359319438,-1,1969.8
2026-02-12 06:00:00+00:00,8172.70359319438,-1,1965.29
2026-02-12 06:05:00+00:00,8172.70359319438,-1,1967.91
2026-02-12 06:10:00+00:00,8172.70359319438,-1,1970.11
2026-02-12 06:15:00+00:00,8172.70359319438,-1,1968.79
2026-02-12 06:20:00+00:00,8172.70359319438,-1,1972.76
2026-02-12 06:25:00+00:00,8172.70359319438,-1,1978.42
2026-02-12 06:30:00+00:00,8172.70359319438,-1,1976.43
2026-02-12 06:35:00+00:00,8172.70359319438,-1,1975.04
2026-02-12 06:40:00+00:00,8172.70359319438,-1,1972.86
2026-02-12 06:45:00+00:00,8172.70359319438,-1,1971.72
2026-02-12 06:50:00+00:00,8172.70359319438,-1,1972.11
2026-02-12 06:55:00+00:00,8172.70359319438,-1,1974.18
2026-02-12 07:00:00+00:00,8172.70359319438,-1,1972.76
2026-02-12 07:05:00+00:00,8172.70359319438,-1,1966.81
2026-02-12 07:10:00+00:00,8172.70359319438,-1,1968.61
2026-02-12 07:15:00+00:00,8172.70359319438,-1,1969.31
2026-02-12 07:20:00+00:00,8172.70359319438,-1,1973.99
2026-02-12 07:25:00+00:00,8172.70359319438,-1,1974.93
2026-02-12 07:30:00+00:00,8172.70359319438,-1,1970.55
2026-02-12 07:35:00+00:00,8172.70359319438,-1,1971.91
2026-02-12 07:40:00+00:00,8172.70359319438,-1,1968.76
2026-02-12 07:45:00+00:00,8172.70359319438,-1,1967.96
2026-02-12 07:50:00+00:00,8172.70359319438,-1,1966.76
2026-02-12 07:55:00+00:00,8172.70359319438,-1,1966.97
2026-02-12 08:00:00+00:00,8172.70359319438,-1,1969.81
2026-02-12 08:05:00+00:00,8172.70359319438,-1,1971.87
2026-02-12 08:10:00+00:00,8172.70359319438,-1,1969.01
2026-02-12 08:15:00+00:00,8172.70359319438,-1,1961.32
2026-02-12 08:20:00+00:00,8172.70359319438,-1,1961.88
2026-02-12 08:25:00+00:00,8006.777849010067,0,1958.72
2026-02-12 08:30:00+00:00,8006.777849010067,0,1960.99
2026-02-12 08:35:00+00:00,8006.777849010067,0,1959.66
2026-02-12 08:40:00+00:00,8006.777849010067,0,1959.0
2026-02-12 08:45:00+00:00,8006.777849010067,0,1959.37
2026-02-12 08:50:00+00:00,8006.777849010067,0,1965.33
2026-02-12 08:55:00+00:00,8006.777849010067,0,1964.59
2026-02-12 09:00:00+00:00,8006.777849010067,0,1965.14
2026-02-12 09:05:00+00:00,8006.777849010067,0,1963.32
2026-02-12 09:10:00+00:00,8006.777849010067,0,1968.28
2026-02-12 09:15:00+00:00,8006.777849010067,0,1969.41
2026-02-12 09:20:00+00:00,8006.777849010067,0,1971.77
2026-02-12 09:25:00+00:00,8006.777849010067,0,1975.29
2026-02-12 09:30:00+00:00,8006.777849010067,0,1978.54
2026-02-12 09:35:00+00:00,8006.777849010067,0,1974.3
2026-02-12 09:40:00+00:00,8006.777849010067,0,1976.77
2026-02-12 09:45:00+00:00,8006.777849010067,0,1973.42
2026-02-12 09:50:00+00:00,8006.777849010067,0,1978.69
2026-02-12 09:55:00+00:00,8006.777849010067,0,1981.31
2026-02-12 10:00:00+00:00,8006.777849010067,0,1984.02
2026-02-12 10:05:00+00:00,8006.777849010067,0,1981.93
2026-02-12 10:10:00+00:00,8006.777849010067,0,1980.27
2026-02-12 10:15:00+00:00,8006.777849010067,0,1978.59
2026-02-12 10:20:00+00:00,8006.777849010067,0,1976.9
2026-02-12 10:25:00+00:00,8006.777849010067,0,1982.1
2026-02-12 10:30:00+00:00,8006.777849010067,0,1983.47
2026-02-12 10:35:00+00:00,8006.777849010067,0,1984.05
2026-02-12 10:40:00+00:00,8006.777849010067,0,1981.05
2026-02-12 10:45:00+00:00,8006.777849010067,0,1988.69
2026-02-12 10:50:00+00:00,8006.777849010067,0,1993.28
2026-02-12 10:55:00+00:00,8006.777849010067,1,1993.04
2026-02-12 11:00:00+00:00,8006.777849010067,1,1992.73
2026-02-12 11:05:00+00:00,8006.777849010067,1,1989.69
2026-02-12 11:10:00+00:00,8006.777849010067,1,1987.62
2026-02-12 11:15:00+00:00,8006.777849010067,1,1991.92
2026-02-12 11:20:00+00:00,8006.777849010067,1,1995.94
2026-02-12 11:25:00+00:00,8006.777849010067,1,1997.25
2026-02-12 11:30:00+00:00,8006.777849010067,1,1995.29
2026-02-12 11:35:00+00:00,8006.777849010067,1,1995.09
2026-02-12 11:40:00+00:00,8006.777849010067,1,1992.78
2026-02-12 11:45:00+00:00,8006.777849010067,1,1993.91
2026-02-12 11:50:00+00:00,8006.777849010067,1,1990.27
2026-02-12 11:55:00+00:00,8006.777849010067,1,1987.88
2026-02-12 12:00:00+00:00,8006.777849010067,1,1982.71
2026-02-12 12:05:00+00:00,8006.777849010067,1,1984.52
2026-02-12 12:10:00+00:00,8006.777849010067,1,1985.43
2026-02-12 12:15:00+00:00,8006.777849010067,1,1982.21
2026-02-12 12:20:00+00:00,8006.777849010067,1,1980.88
2026-02-12 12:25:00+00:00,8006.777849010067,1,1983.74
2026-02-12 12:30:00+00:00,8006.777849010067,1,1980.0
2026-02-12 12:35:00+00:00,8006.777849010067,1,1982.27
2026-02-12 12:40:00+00:00,8006.777849010067,1,1981.58
2026-02-12 12:45:00+00:00,8006.777849010067,1,1984.75
2026-02-12 12:50:00+00:00,8006.777849010067,1,1976.76
2026-02-12 12:55:00+00:00,8006.777849010067,1,1979.84
2026-02-12 13:00:00+00:00,8006.777849010067,1,1977.76
2026-02-12 13:05:00+00:00,8006.777849010067,1,1984.47
2026-02-12 13:10:00+00:00,8006.777849010067,1,1983.15
2026-02-12 13:15:00+00:00,8006.777849010067,1,1984.38
2026-02-12 13:20:00+00:00,8006.777849010067,1,1984.13
2026-02-12 13:25:00+00:00,8006.777849010067,1,1980.0
2026-02-12 13:30:00+00:00,8006.777849010067,1,1985.8
2026-02-12 13:35:00+00:00,8006.777849010067,1,1985.12
2026-02-12 13:40:00+00:00,8006.777849010067,1,1990.22
2026-02-12 13:45:00+00:00,8006.777849010067,1,1986.68
2026-02-12 13:50:00+00:00,8006.777849010067,1,1987.32
2026-02-12 13:55:00+00:00,8006.777849010067,1,1993.96
2026-02-12 14:00:00+00:00,8006.777849010067,1,1982.56
2026-02-12 14:05:00+00:00,8006.777849010067,1,1983.84
2026-02-12 14:10:00+00:00,8006.777849010067,1,1983.75
2026-02-12 14:15:00+00:00,8006.777849010067,1,1981.68
2026-02-12 14:20:00+00:00,8006.777849010067,1,1981.85
2026-02-12 14:25:00+00:00,8006.777849010067,1,1985.41
2026-02-12 14:30:00+00:00,8006.777849010067,1,1989.91
2026-02-12 14:35:00+00:00,8006.777849010067,1,1983.79
2026-02-12 14:40:00+00:00,8006.777849010067,1,1976.12
2026-02-12 14:45:00+00:00,8006.777849010067,1,1978.3
2026-02-12 14:50:00+00:00,8006.777849010067,1,1986.28
2026-02-12 14:55:00+00:00,8006.777849010067,1,1977.64
2026-02-12 15:00:00+00:00,8006.777849010067,1,1967.56
2026-02-12 15:05:00+00:00,8006.777849010067,1,1959.12
2026-02-12 15:10:00+00:00,8006.777849010067,1,1965.98
2026-02-12 15:15:00+00:00,8006.777849010067,1,1966.09
2026-02-12 15:20:00+00:00,8006.777849010067,1,1972.52
2026-02-12 15:25:00+00:00,8006.777849010067,1,1972.88
2026-02-12 15:30:00+00:00,8006.777849010067,1,1964.06
2026-02-12 15:35:00+00:00,8006.777849010067,1,1955.31
2026-02-12 15:40:00+00:00,8006.777849010067,1,1954.83
2026-02-12 15:45:00+00:00,8006.777849010067,1,1957.49
2026-02-12 15:50:00+00:00,8006.777849010067,1,1945.11
2026-02-12 15:55:00+00:00,8006.777849010067,1,1947.47
2026-02-12 16:00:00+00:00,8006.777849010067,1,1946.75
2026-02-12 16:05:00+00:00,8006.777849010067,1,1929.19
2026-02-12 16:10:00+00:00,8006.777849010067,1,1918.41
2026-02-12 16:15:00+00:00,8006.777849010067,1,1924.75
2026-02-12 16:20:00+00:00,8006.777849010067,1,1915.27
2026-02-12 16:25:00+00:00,7182.103017378071,0,1907.72
2026-02-12 16:30:00+00:00,7182.103017378071,0,1909.38
2026-02-12 16:35:00+00:00,7182.103017378071,0,1917.12
2026-02-12 16:40:00+00:00,7182.103017378071,0,1915.48
2026-02-12 16:45:00+00:00,7182.103017378071,0,1913.99
2026-02-12 16:50:00+00:00,7182.103017378071,0,1900.93
2026-02-12 16:55:00+00:00,7182.103017378071,0,1907.82
2026-02-12 17:00:00+00:00,7182.103017378071,0,1912.25
2026-02-12 17:05:00+00:00,7182.103017378071,0,1913.67
2026-02-12 17:10:00+00:00,7182.103017378071,0,1907.93
2026-02-12 17:15:00+00:00,7182.103017378071,0,1905.69
2026-02-12 17:20:00+00:00,7182.103017378071,0,1916.8
2026-02-12 17:25:00+00:00,7182.103017378071,0,1914.45
2026-02-12 17:30:00+00:00,7182.103017378071,0,1917.8
2026-02-12 17:35:00+00:00,7182.103017378071,-1,1919.92
2026-02-12 17:40:00+00:00,7182.103017378071,-1,1918.85
2026-02-12 17:45:00+00:00,7182.103017378071,-1,1914.44
2026-02-12 17:50:00+00:00,7182.103017378071,-1,1910.49
2026-02-12 17:55:00+00:00,7182.103017378071,-1,1909.08
2026-02-12 18:00:00+00:00,7182.103017378071,-1,1914.05
2026-02-12 18:05:00+00:00,7182.103017378071,-1,1916.51
2026-02-12 18:10:00+00:00,7182.103017378071,-1,1916.45
2026-02-12 18:15:00+00:00,7182.103017378071,-1,1901.8
2026-02-12 18:20:00+00:00,7182.103017378071,-1,1907.61
2026-02-12 18:25:00+00:00,7182.103017378071,-1,1906.57
2026-02-12 18:30:00+00:00,7182.103017378071,-1,1906.95
2026-02-12 18:35:00+00:00,7182.103017378071,-1,1916.36
2026-02-12 18:40:00+00:00,7182.103017378071,-1,1914.13
2026-02-12 18:45:00+00:00,7182.103017378071,-1,1920.03
2026-02-12 18:50:00+00:00,7182.103017378071,-1,1921.02
2026-02-12 18:55:00+00:00,7182.103017378071,-1,1917.49
2026-02-12 19:00:00+00:00,7182.103017378071,-1,1915.98
2026-02-12 19:05:00+00:00,7182.103017378071,-1,1914.15
2026-02-12 19:10:00+00:00,7182.103017378071,-1,1916.75
2026-02-12 19:15:00+00:00,7182.103017378071,-1,1921.64
2026-02-12 19:20:00+00:00,7182.103017378071,-1,1934.5
2026-02-12 19:25:00+00:00,7182.103017378071,-1,1929.68
2026-02-12 19:30:00+00:00,7182.103017378071,-1,1935.01
2026-02-12 19:35:00+00:00,7182.103017378071,-1,1934.3
2026-02-12 19:40:00+00:00,7182.103017378071,-1,1930.78
2026-02-12 19:45:00+00:00,7182.103017378071,-1,1933.46
2026-02-12 19:50:00+00:00,7182.103017378071,-1,1927.9
2026-02-12 19:55:00+00:00,7182.103017378071,-1,1924.36
2026-02-12 20:00:00+00:00,7182.103017378071,-1,1929.76
2026-02-12 20:05:00+00:00,7182.103017378071,-1,1923.45
2026-02-12 20:10:00+00:00,7182.103017378071,-1,1920.22
2026-02-12 20:15:00+00:00,7182.103017378071,-1,1920.0
2026-02-12 20:20:00+00:00,7182.103017378071,-1,1918.56
2026-02-12 20:25:00+00:00,7182.103017378071,-1,1917.28
2026-02-12 20:30:00+00:00,7182.103017378071,-1,1919.86
2026-02-12 20:35:00+00:00,7182.103017378071,-1,1921.37
2026-02-12 20:40:00+00:00,7182.103017378071,-1,1919.28
2026-02-12 20:45:00+00:00,7182.103017378071,-1,1914.36
2026-02-12 20:50:00+00:00,7182.103017378071,-1,1915.73
2026-02-12 20:55:00+00:00,7182.103017378071,-1,1914.58
2026-02-12 21:00:00+00:00,7182.103017378071,-1,1920.17
2026-02-12 21:05:00+00:00,7182.103017378071,-1,1918.2
2026-02-12 21:10:00+00:00,7182.103017378071,-1,1919.75
2026-02-12 21:15:00+00:00,7182.103017378071,-1,1923.56
2026-02-12 21:20:00+00:00,7182.103017378071,-1,1918.62
2026-02-12 21:25:00+00:00,7182.103017378071,-1,1919.77
2026-02-12 21:30:00+00:00,7182.103017378071,-1,1923.69
2026-02-12 21:35:00+00:00,7182.103017378071,-1,1923.36
2026-02-12 21:40:00+00:00,7182.103017378071,-1,1923.84
2026-02-12 21:45:00+00:00,7182.103017378071,-1,1922.08
2026-02-12 21:50:00+00:00,7182.103017378071,-1,1923.72
2026-02-12 21:55:00+00:00,7182.103017378071,-1,1922.26
2026-02-12 22:00:00+00:00,7182.103017378071,-1,1923.67
2026-02-12 22:05:00+00:00,7182.103017378071,-1,1922.66
2026-02-12 22:10:00+00:00,7182.103017378071,-1,1924.22
2026-02-12 22:15:00+00:00,7182.103017378071,-1,1922.4
2026-02-12 22:20:00+00:00,7182.103017378071,-1,1925.6
2026-02-12 22:25:00+00:00,7182.103017378071,-1,1927.94
2026-02-12 22:30:00+00:00,7182.103017378071,-1,1927.46
2026-02-12 22:35:00+00:00,7182.103017378071,-1,1927.93
2026-02-12 22:40:00+00:00,7182.103017378071,-1,1934.0
2026-02-12 22:45:00+00:00,7182.103017378071,-1,1943.47
2026-02-12 22:50:00+00:00,7182.103017378071,-1,1941.2
2026-02-12 22:55:00+00:00,7182.103017378071,-1,1941.94
2026-02-12 23:00:00+00:00,7182.103017378071,-1,1945.8
2026-02-12 23:05:00+00:00,7182.103017378071,-1,1945.79
2026-02-12 23:10:00+00:00,7182.103017378071,-1,1941.91
2026-02-12 23:15:00+00:00,7182.103017378071,-1,1943.45
2026-02-12 23:20:00+00:00,7182.103017378071,-1,1948.21
2026-02-12 23:25:00+00:00,7182.103017378071,-1,1948.02
2026-02-12 23:30:00+00:00,7182.103017378071,-1,1945.48
2026-02-12 23:35:00+00:00,7182.103017378071,-1,1943.96
2026-02-12 23:40:00+00:00,7182.103017378071,-1,1945.18
2026-02-12 23:45:00+00:00,7182.103017378071,-1,1946.09
2026-02-12 23:50:00+00:00,7182.103017378071,-1,1947.2
2026-02-12 23:55:00+00:00,7182.103017378071,-1,1947.15
2026-02-13 00:00:00+00:00,7182.103017378071,-1,1949.61
2026-02-13 00:05:00+00:00,7182.103017378071,-1,1947.88
2026-02-13 00:10:00+00:00,7182.103017378071,-1,1946.33
2026-02-13 00:15:00+00:00,7182.103017378071,-1,1940.11
2026-02-13 00:20:00+00:00,7182.103017378071,-1,1935.89
2026-02-13 00:25:00+00:00,7182.103017378071,-1,1934.25
2026-02-13 00:30:00+00:00,7182.103017378071,-1,1933.09
2026-02-13 00:35:00+00:00,7182.103017378071,-1,1936.88
2026-02-13 00:40:00+00:00,7182.103017378071,-1,1931.4
2026-02-13 00:45:00+00:00,7182.103017378071,-1,1931.07
2026-02-13 00:50:00+00:00,7182.103017378071,-1,1933.33
2026-02-13 00:55:00+00:00,7182.103017378071,-1,1932.22
2026-02-13 01:00:00+00:00,7182.103017378071,-1,1936.7
2026-02-13 01:05:00+00:00,7182.103017378071,-1,1941.5
2026-02-13 01:10:00+00:00,7182.103017378071,-1,1943.85
2026-02-13 01:15:00+00:00,7182.103017378071,-1,1941.6
2026-02-13 01:20:00+00:00,7182.103017378071,-1,1937.12
2026-02-13 01:25:00+00:00,7182.103017378071,-1,1940.11
2026-02-13 01:30:00+00:00,7182.103017378071,-1,1942.74
2026-02-13 01:35:00+00:00,7182.103017378071,-1,1947.18
2026-02-13 01:40:00+00:00,7182.103017378071,-1,1945.56
2026-02-13 01:45:00+00:00,7182.103017378071,-1,1945.86
2026-02-13 01:50:00+00:00,7182.103017378071,-1,1941.97
2026-02-13 01:55:00+00:00,7182.103017378071,-1,1942.8
2026-02-13 02:00:00+00:00,7182.103017378071,-1,1943.94
2026-02-13 02:05:00+00:00,7182.103017378071,-1,1947.28
2026-02-13 02:10:00+00:00,7182.103017378071,-1,1947.16
2026-02-13 02:15:00+00:00,7182.103017378071,-1,1944.68
2026-02-13 02:20:00+00:00,7182.103017378071,-1,1946.1
2026-02-13 02:25:00+00:00,7182.103017378071,-1,1945.26
2026-02-13 02:30:00+00:00,7182.103017378071,-1,1945.5
2026-02-13 02:35:00+00:00,7182.103017378071,-1,1942.88
2026-02-13 02:40:00+00:00,7182.103017378071,-1,1946.46
2026-02-13 02:45:00+00:00,7182.103017378071,-1,1943.38
2026-02-13 02:50:00+00:00,7182.103017378071,-1,1948.08
2026-02-13 02:55:00+00:00,7182.103017378071,-1,1947.25
2026-02-13 03:00:00+00:00,7182.103017378071,-1,1948.77
2026-02-13 03:05:00+00:00,7182.103017378071,-1,1945.42
2026-02-13 03:10:00+00:00,7182.103017378071,-1,1944.33
2026-02-13 03:15:00+00:00,7182.103017378071,-1,1947.26
2026-02-13 03:20:00+00:00,7182.103017378071,-1,1946.5
2026-02-13 03:25:00+00:00,7182.103017378071,-1,1950.5
2026-02-13 03:30:00+00:00,7182.103017378071,-1,1953.58
2026-02-13 03:35:00+00:00,7182.103017378071,-1,1954.13
2026-02-13 03:40:00+00:00,7182.103017378071,-1,1953.29
2026-02-13 03:45:00+00:00,7182.103017378071,-1,1951.58
2026-02-13 03:50:00+00:00,7182.103017378071,-1,1952.09
2026-02-13 03:55:00+00:00,7182.103017378071,-1,1952.49
2026-02-13 04:00:00+00:00,7182.103017378071,-1,1951.38
2026-02-13 04:05:00+00:00,7182.103017378071,-1,1951.06
2026-02-13 04:10:00+00:00,7182.103017378071,-1,1950.84
2026-02-13 04:15:00+00:00,7182.103017378071,-1,1952.64
2026-02-13 04:20:00+00:00,7182.103017378071,-1,1952.11
2026-02-13 04:25:00+00:00,7182.103017378071,-1,1949.59
2026-02-13 04:30:00+00:00,7182.103017378071,-1,1950.09
2026-02-13 04:35:00+00:00,7182.103017378071,-1,1949.81
2026-02-13 04:40:00+00:00,7182.103017378071,-1,1946.45
2026-02-13 04:45:00+00:00,7182.103017378071,-1,1947.1
2026-02-13 04:50:00+00:00,7182.103017378071,-1,1949.0
2026-02-13 04:55:00+00:00,7182.103017378071,-1,1943.72
2026-02-13 05:00:00+00:00,7182.103017378071,-1,1944.14
2026-02-13 05:05:00+00:00,7182.103017378071,-1,1939.24
2026-02-13 05:10:00+00:00,7182.103017378071,-1,1936.37
2026-02-13 05:15:00+00:00,7182.103017378071,-1,1938.65
2026-02-13 05:20:00+00:00,7182.103017378071,-1,1938.0
2026-02-13 05:25:00+00:00,7182.103017378071,-1,1938.26
2026-02-13 05:30:00+00:00,7182.103017378071,-1,1939.24
2026-02-13 05:35:00+00:00,7182.103017378071,-1,1938.65
2026-02-13 05:40:00+00:00,7182.103017378071,-1,1942.26
2026-02-13 05:45:00+00:00,7182.103017378071,-1,1942.14
2026-02-13 05:50:00+00:00,7182.103017378071,-1,1937.79
2026-02-13 05:55:00+00:00,7182.103017378071,-1,1932.99
2026-02-13 06:00:00+00:00,7182.103017378071,-1,1935.09
2026-02-13 06:05:00+00:00,7182.103017378071,-1,1935.25
2026-02-13 06:10:00+00:00,7182.103017378071,-1,1933.93
2026-02-13 06:15:00+00:00,7182.103017378071,-1,1934.89
2026-02-13 06:20:00+00:00,7182.103017378071,-1,1929.13
2026-02-13 06:25:00+00:00,7182.103017378071,-1,1930.12
2026-02-13 06:30:00+00:00,7182.103017378071,-1,1926.86
2026-02-13 06:35:00+00:00,7182.103017378071,-1,1926.67
2026-02-13 06:40:00+00:00,7182.103017378071,-1,1929.01
2026-02-13 06:45:00+00:00,7182.103017378071,-1,1929.45
2026-02-13 06:50:00+00:00,7182.103017378071,-1,1933.66
2026-02-13 06:55:00+00:00,7182.103017378071,-1,1935.65
2026-02-13 07:00:00+00:00,7182.103017378071,-1,1938.32
2026-02-13 07:05:00+00:00,7182.103017378071,-1,1937.57
2026-02-13 07:10:00+00:00,7182.103017378071,-1,1945.99
2026-02-13 07:15:00+00:00,7182.103017378071,-1,1945.1
2026-02-13 07:20:00+00:00,7182.103017378071,-1,1945.44
2026-02-13 07:25:00+00:00,7182.103017378071,-1,1945.23
2026-02-13 07:30:00+00:00,7182.103017378071,-1,1942.49
2026-02-13 07:35:00+00:00,7182.103017378071,-1,1935.93
2026-02-13 07:40:00+00:00,7182.103017378071,-1,1932.7
2026-02-13 07:45:00+00:00,7182.103017378071,-1,1936.22
2026-02-13 07:50:00+00:00,7182.103017378071,-1,1938.09
2026-02-13 07:55:00+00:00,7182.103017378071,-1,1934.88
2026-02-13 08:00:00+00:00,7182.103017378071,-1,1938.32
2026-02-13 08:05:00+00:00,7182.103017378071,-1,1939.13
2026-02-13 08:10:00+00:00,7182.103017378071,-1,1937.73
2026-02-13 08:15:00+00:00,7182.103017378071,-1,1938.52
2026-02-13 08:20:00+00:00,7182.103017378071,-1,1939.99
2026-02-13 08:25:00+00:00,7182.103017378071,-1,1944.18
2026-02-13 08:30:00+00:00,7182.103017378071,-1,1946.3
2026-02-13 08:35:00+00:00,7182.103017378071,-1,1945.14
2026-02-13 08:40:00+00:00,7182.103017378071,-1,1948.03
2026-02-13 08:45:00+00:00,7182.103017378071,-1,1958.43
2026-02-13 08:50:00+00:00,7182.103017378071,-1,1957.58
2026-02-13 08:55:00+00:00,7182.103017378071,-1,1958.31
2026-02-13 09:00:00+00:00,7182.103017378071,-1,1957.15
2026-02-13 09:05:00+00:00,7182.103017378071,-1,1957.74
2026-02-13 09:10:00+00:00,7182.103017378071,-1,1953.62
2026-02-13 09:15:00+00:00,7182.103017378071,-1,1955.82
2026-02-13 09:20:00+00:00,7182.103017378071,-1,1959.35
2026-02-13 09:25:00+00:00,7182.103017378071,-1,1960.0
2026-02-13 09:30:00+00:00,7182.103017378071,-1,1963.27
2026-02-13 09:35:00+00:00,7182.103017378071,-1,1960.75
2026-02-13 09:40:00+00:00,7182.103017378071,-1,1959.57
2026-02-13 09:45:00+00:00,7182.103017378071,-1,1963.51
2026-02-13 09:50:00+00:00,7182.103017378071,-1,1960.51
2026-02-13 09:55:00+00:00,7182.103017378071,-1,1961.18
2026-02-13 10:00:00+00:00,7182.103017378071,-1,1959.76
2026-02-13 10:05:00+00:00,7182.103017378071,-1,1956.53
2026-02-13 10:10:00+00:00,7182.103017378071,-1,1958.18
2026-02-13 10:15:00+00:00,7182.103017378071,-1,1966.0
2026-02-13 10:20:00+00:00,7182.103017378071,-1,1957.41
2026-02-13 10:25:00+00:00,7182.103017378071,-1,1957.82
2026-02-13 10:30:00+00:00,7182.103017378071,-1,1959.87
2026-02-13 10:35:00+00:00,7182.103017378071,-1,1959.0
2026-02-13 10:40:00+00:00,7182.103017378071,-1,1960.64
2026-02-13 10:45:00+00:00,7182.103017378071,-1,1960.66
2026-02-13 10:50:00+00:00,7182.103017378071,-1,1958.99
2026-02-13 10:55:00+00:00,7182.103017378071,-1,1958.6
2026-02-13 11:00:00+00:00,7182.103017378071,-1,1957.19
2026-02-13 11:05:00+00:00,7182.103017378071,-1,1955.6
2026-02-13 11:10:00+00:00,7182.103017378071,-1,1954.74
2026-02-13 11:15:00+00:00,7182.103017378071,-1,1956.51
2026-02-13 11:20:00+00:00,7182.103017378071,-1,1953.07
2026-02-13 11:25:00+00:00,7182.103017378071,-1,1955.4
2026-02-13 11:30:00+00:00,7182.103017378071,-1,1949.77
2026-02-13 11:35:00+00:00,7182.103017378071,-1,1955.84
2026-02-13 11:40:00+00:00,7182.103017378071,-1,1957.6
2026-02-13 11:45:00+00:00,7182.103017378071,-1,1957.21
2026-02-13 11:50:00+00:00,7182.103017378071,-1,1958.23
2026-02-13 11:55:00+00:00,7182.103017378071,-1,1959.25
2026-02-13 12:00:00+00:00,7182.103017378071,-1,1955.12
2026-02-13 12:05:00+00:00,7182.103017378071,-1,1955.59
2026-02-13 12:10:00+00:00,7182.103017378071,-1,1954.63
2026-02-13 12:15:00+00:00,7182.103017378071,-1,1956.02
2026-02-13 12:20:00+00:00,7182.103017378071,-1,1956.53
2026-02-13 12:25:00+00:00,7182.103017378071,-1,1961.6
2026-02-13 12:30:00+00:00,7182.103017378071,-1,1959.71
2026-02-13 12:35:00+00:00,7182.103017378071,-1,1959.83
2026-02-13 12:40:00+00:00,7182.103017378071,-1,1959.55
2026-02-13 12:45:00+00:00,7182.103017378071,-1,1959.75
2026-02-13 12:50:00+00:00,7182.103017378071,-1,1963.68
2026-02-13 12:55:00+00:00,7182.103017378071,-1,1960.01
2026-02-13 13:00:00+00:00,7182.103017378071,-1,1962.14
2026-02-13 13:05:00+00:00,7182.103017378071,-1,1957.39
2026-02-13 13:10:00+00:00,7182.103017378071,-1,1957.52
2026-02-13 13:15:00+00:00,7182.103017378071,-1,1961.75
2026-02-13 13:20:00+00:00,7182.103017378071,-1,1967.18
2026-02-13 13:25:00+00:00,7182.103017378071,-1,1968.18
2026-02-13 13:30:00+00:00,7182.103017378071,-1,1977.2
2026-02-13 13:35:00+00:00,7182.103017378071,-1,1969.31
2026-02-13 13:40:00+00:00,7182.103017378071,-1,1969.67
2026-02-13 13:45:00+00:00,7182.103017378071,-1,1970.34
2026-02-13 13:50:00+00:00,7182.103017378071,-1,1971.78
2026-02-13 13:55:00+00:00,7182.103017378071,-1,1969.66
2026-02-13 14:00:00+00:00,7182.103017378071,-1,1966.03
2026-02-13 14:05:00+00:00,7182.103017378071,-1,1964.58
2026-02-13 14:10:00+00:00,7182.103017378071,-1,1963.08
2026-02-13 14:15:00+00:00,7182.103017378071,-1,1970.21
2026-02-13 14:20:00+00:00,7182.103017378071,-1,1967.57
2026-02-13 14:25:00+00:00,7182.103017378071,-1,1974.9
2026-02-13 14:30:00+00:00,7182.103017378071,-1,1984.75
2026-02-13 14:35:00+00:00,7182.103017378071,-1,1980.41
2026-02-13 14:40:00+00:00,7182.103017378071,-1,1983.25
2026-02-13 14:45:00+00:00,7182.103017378071,-1,1995.55
2026-02-13 14:50:00+00:00,7182.103017378071,-1,1988.48
2026-02-13 14:55:00+00:00,7182.103017378071,-1,1989.99
2026-02-13 15:00:00+00:00,7182.103017378071,-1,1990.72
2026-02-13 15:05:00+00:00,7182.103017378071,-1,2015.6
2026-02-13 15:10:00+00:00,7182.103017378071,-1,2020.06
2026-02-13 15:15:00+00:00,7182.103017378071,-1,2017.57
2026-02-13 15:20:00+00:00,7182.103017378071,-1,2019.82
2026-02-13 15:25:00+00:00,7182.103017378071,-1,2038.73
2026-02-13 15:30:00+00:00,7182.103017378071,-1,2043.9
2026-02-13 15:35:00+00:00,7182.103017378071,-1,2040.72
2026-02-13 15:40:00+00:00,7182.103017378071,-1,2032.5
2026-02-13 15:45:00+00:00,7182.103017378071,-1,2024.41
2026-02-13 15:50:00+00:00,7182.103017378071,-1,2030.48
2026-02-13 15:55:00+00:00,7182.103017378071,-1,2033.71
2026-02-13 16:00:00+00:00,7182.103017378071,-1,2037.51
2026-02-13 16:05:00+00:00,7182.103017378071,-1,2054.24
2026-02-13 16:10:00+00:00,7182.103017378071,-1,2050.16
2026-02-13 16:15:00+00:00,7182.103017378071,-1,2044.2
2026-02-13 16:20:00+00:00,7182.103017378071,-1,2047.45
2026-02-13 16:25:00+00:00,7182.103017378071,-1,2055.1
2026-02-13 16:30:00+00:00,7182.103017378071,-1,2059.79
2026-02-13 16:35:00+00:00,6452.97100515464,0,2063.07
2026-02-13 16:40:00+00:00,6452.97100515464,0,2063.47
2026-02-13 16:45:00+00:00,6452.97100515464,0,2060.88
2026-02-13 16:50:00+00:00,6452.97100515464,0,2068.85
2026-02-13 16:55:00+00:00,6452.97100515464,0,2060.59
2026-02-13 17:00:00+00:00,6452.97100515464,0,2055.86
2026-02-13 17:05:00+00:00,6452.97100515464,0,2048.89
2026-02-13 17:10:00+00:00,6452.97100515464,1,2058.45
2026-02-13 17:15:00+00:00,6452.97100515464,1,2056.11
2026-02-13 17:20:00+00:00,6452.97100515464,1,2058.17
2026-02-13 17:25:00+00:00,6452.97100515464,1,2056.93
2026-02-13 17:30:00+00:00,6452.97100515464,1,2060.45
2026-02-13 17:35:00+00:00,6452.97100515464,1,2064.39
2026-02-13 17:40:00+00:00,6452.97100515464,1,2061.4
2026-02-13 17:45:00+00:00,6452.97100515464,1,2059.87
2026-02-13 17:50:00+00:00,6452.97100515464,1,2058.06
2026-02-13 17:55:00+00:00,6452.97100515464,1,2058.36
2026-02-13 18:00:00+00:00,6452.97100515464,1,2056.73
2026-02-13 18:05:00+00:00,6452.97100515464,1,2057.1
2026-02-13 18:10:00+00:00,6452.97100515464,1,2054.61
2026-02-13 18:15:00+00:00,6452.97100515464,1,2052.02
2026-02-13 18:20:00+00:00,6452.97100515464,1,2054.1
2026-02-13 18:25:00+00:00,6452.97100515464,1,2054.45
2026-02-13 18:30:00+00:00,6452.97100515464,1,2055.36
2026-02-13 18:35:00+00:00,6452.97100515464,1,2061.34
2026-02-13 18:40:00+00:00,6452.97100515464,1,2058.21
2026-02-13 18:45:00+00:00,6452.97100515464,1,2058.93
2026-02-13 18:50:00+00:00,6452.97100515464,1,2059.72
2026-02-13 18:55:00+00:00,6452.97100515464,1,2056.5
2026-02-13 19:00:00+00:00,6452.97100515464,1,2053.97
2026-02-13 19:05:00+00:00,6452.97100515464,1,2056.46
2026-02-13 19:10:00+00:00,6452.97100515464,1,2057.42
2026-02-13 19:15:00+00:00,6452.97100515464,1,2058.33
2026-02-13 19:20:00+00:00,6452.97100515464,1,2060.02
2026-02-13 19:25:00+00:00,6452.97100515464,1,2052.93
2026-02-13 19:30:00+00:00,6452.97100515464,1,2052.57
2026-02-13 19:35:00+00:00,6452.97100515464,1,2054.55
2026-02-13 19:40:00+00:00,6452.97100515464,1,2051.68
2026-02-13 19:45:00+00:00,6452.97100515464,1,2055.42
2026-02-13 19:50:00+00:00,6452.97100515464,1,2058.03
2026-02-13 19:55:00+00:00,6452.97100515464,1,2056.82
2026-02-13 20:00:00+00:00,6452.97100515464,1,2057.22
2026-02-13 20:05:00+00:00,6452.97100515464,1,2055.82
2026-02-13 20:10:00+00:00,6452.97100515464,1,2051.43
2026-02-13 20:15:00+00:00,6452.97100515464,1,2049.81
2026-02-13 20:20:00+00:00,6452.97100515464,1,2047.9
2026-02-13 20:25:00+00:00,6452.97100515464,1,2045.07
2026-02-13 20:30:00+00:00,6452.97100515464,1,2043.8
2026-02-13 20:35:00+00:00,6452.97100515464,1,2042.16
2026-02-13 20:40:00+00:00,6452.97100515464,1,2044.61
2026-02-13 20:45:00+00:00,6452.97100515464,1,2047.64
2026-02-13 20:50:00+00:00,6452.97100515464,1,2045.56
2026-02-13 20:55:00+00:00,6452.97100515464,1,2044.55
2026-02-13 21:00:00+00:00,6452.97100515464,1,2054.75
2026-02-13 21:05:00+00:00,6452.97100515464,1,2056.31
2026-02-13 21:10:00+00:00,6452.97100515464,1,2055.84
2026-02-13 21:15:00+00:00,6452.97100515464,1,2052.05
2026-02-13 21:20:00+00:00,6452.97100515464,1,2052.55
2026-02-13 21:25:00+00:00,6452.97100515464,1,2050.52
2026-02-13 21:30:00+00:00,6452.97100515464,1,2051.83
2026-02-13 21:35:00+00:00,6452.97100515464,1,2050.6
2026-02-13 21:40:00+00:00,6452.97100515464,1,2052.45
2026-02-13 21:45:00+00:00,6452.97100515464,1,2052.54
2026-02-13 21:50:00+00:00,6452.97100515464,1,2049.74
2026-02-13 21:55:00+00:00,6452.97100515464,1,2052.92
2026-02-13 22:00:00+00:00,6452.97100515464,1,2054.2
2026-02-13 22:05:00+00:00,6452.97100515464,1,2057.05
2026-02-13 22:10:00+00:00,6452.97100515464,1,2044.69
2026-02-13 22:15:00+00:00,6452.97100515464,1,2047.84
2026-02-13 22:20:00+00:00,6452.97100515464,1,2049.51
2026-02-13 22:25:00+00:00,6452.97100515464,1,2050.88
2026-02-13 22:30:00+00:00,6452.97100515464,1,2049.58
2026-02-13 22:35:00+00:00,6452.97100515464,1,2046.38
2026-02-13 22:40:00+00:00,6452.97100515464,1,2049.0
2026-02-13 22:45:00+00:00,6452.97100515464,1,2048.97
2026-02-13 22:50:00+00:00,6452.97100515464,1,2051.76
2026-02-13 22:55:00+00:00,6452.97100515464,1,2053.37
2026-02-13 23:00:00+00:00,6452.97100515464,1,2053.36
2026-02-13 23:05:00+00:00,6452.97100515464,1,2050.45
2026-02-13 23:10:00+00:00,6452.97100515464,1,2050.55
2026-02-13 23:15:00+00:00,6452.97100515464,1,2050.31
2026-02-13 23:20:00+00:00,6452.97100515464,1,2050.16
2026-02-13 23:25:00+00:00,6452.97100515464,1,2049.34
2026-02-13 23:30:00+00:00,6452.97100515464,1,2050.97
2026-02-13 23:35:00+00:00,6452.97100515464,1,2047.52
2026-02-13 23:40:00+00:00,6452.97100515464,1,2046.1
2026-02-13 23:45:00+00:00,6452.97100515464,1,2048.31
2026-02-13 23:50:00+00:00,6452.97100515464,1,2047.56
2026-02-13 23:55:00+00:00,6452.97100515464,1,2047.6
2026-02-14 00:00:00+00:00,6452.97100515464,1,2048.59
2026-02-14 00:05:00+00:00,6452.97100515464,1,2047.33
2026-02-14 00:10:00+00:00,6452.97100515464,1,2046.94
2026-02-14 00:15:00+00:00,6452.97100515464,1,2045.44
2026-02-14 00:20:00+00:00,6452.97100515464,1,2043.21
2026-02-14 00:25:00+00:00,6452.97100515464,1,2045.97
2026-02-14 00:30:00+00:00,6452.97100515464,1,2048.29
2026-02-14 00:35:00+00:00,6452.97100515464,1,2047.01
2026-02-14 00:40:00+00:00,6452.97100515464,1,2050.5
2026-02-14 00:45:00+00:00,6452.97100515464,1,2052.63
2026-02-14 00:50:00+00:00,6452.97100515464,1,2053.31
2026-02-14 00:55:00+00:00,6452.97100515464,1,2054.07
2026-02-14 01:00:00+00:00,6452.97100515464,1,2050.78
2026-02-14 01:05:00+00:00,6452.97100515464,1,2052.24
2026-02-14 01:10:00+00:00,6452.97100515464,1,2053.01
2026-02-14 01:15:00+00:00,6452.97100515464,1,2054.22
2026-02-14 01:20:00+00:00,6452.97100515464,1,2053.46
2026-02-14 01:25:00+00:00,6452.97100515464,1,2054.41
2026-02-14 01:30:00+00:00,6452.97100515464,1,2054.43
2026-02-14 01:35:00+00:00,6452.97100515464,1,2053.75
2026-02-14 01:40:00+00:00,6452.97100515464,1,2053.68
2026-02-14 01:45:00+00:00,6452.97100515464,1,2053.79
2026-02-14 01:50:00+00:00,6452.97100515464,1,2053.35
2026-02-14 01:55:00+00:00,6452.97100515464,1,2053.37
2026-02-14 02:00:00+00:00,6452.97100515464,1,2052.86
2026-02-14 02:05:00+00:00,6452.97100515464,1,2052.91
2026-02-14 02:10:00+00:00,6452.97100515464,1,2052.9
2026-02-14 02:15:00+00:00,6452.97100515464,1,2051.44
2026-02-14 02:20:00+00:00,6452.97100515464,1,2047.44
2026-02-14 02:25:00+00:00,6452.97100515464,1,2049.0
2026-02-14 02:30:00+00:00,6452.97100515464,1,2050.03
2026-02-14 02:35:00+00:00,6452.97100515464,1,2050.6
2026-02-14 02:40:00+00:00,6452.97100515464,1,2049.99
2026-02-14 02:45:00+00:00,6452.97100515464,1,2048.1
2026-02-14 02:50:00+00:00,6452.97100515464,1,2049.58
2026-02-14 02:55:00+00:00,6452.97100515464,1,2049.46
2026-02-14 03:00:00+00:00,6452.97100515464,1,2049.02
2026-02-14 03:05:00+00:00,6452.97100515464,1,2049.58
2026-02-14 03:10:00+00:00,6452.97100515464,1,2050.91
2026-02-14 03:15:00+00:00,6452.97100515464,1,2049.69
